"Path","Model","SourceStem","Case","Feature","PlanPath","ExecutedAt","BaseUrl","OverallStatus","TotalMethods","PassMethods","FailMethods","BlockedMethods","TotalSteps","ExecutedSteps","PassedSteps","FailedSteps","BlockedSteps","FailedTools","LocatorFailures","Notes"
"C:\Users\juria.koga\Documents\Github\LLM-test-evaluation\reports\playwright-results\command-r7b-12-2024\evaluation-results-cohere-login_1\case-001\LoginTest.playwright-result.json","command-r7b-12-2024","evaluation-results-cohere-login_1","case-001","ログイン","reports/playwright-plans/command-r7b-12-2024/evaluation-results-cohere-login_1/case-001/LoginTest.playwright-plan.json","03/12/2026 01:33:18","http://localhost:8080","fail","3","0","3","0","28","27","24","3","1","browser_verify_text_visible","",""
"C:\Users\juria.koga\Documents\Github\LLM-test-evaluation\reports\playwright-results\command-r7b-12-2024\evaluation-results-cohere-login_10\case-001\LoginTest.playwright-result.json","command-r7b-12-2024","evaluation-results-cohere-login_10","case-001","ログイン","reports/playwright-plans/command-r7b-12-2024/evaluation-results-cohere-login_10/case-001/LoginTest.playwright-plan.json","03/12/2026 01:33:17","http://localhost:8080","fail","3","0","3","0","28","27","24","3","1","browser_verify_text_visible","",""
"C:\Users\juria.koga\Documents\Github\LLM-test-evaluation\reports\playwright-results\command-r7b-12-2024\evaluation-results-cohere-login_2\case-001\LoginTest.playwright-result.json","command-r7b-12-2024","evaluation-results-cohere-login_2","case-001","ログイン","reports/playwright-plans/command-r7b-12-2024/evaluation-results-cohere-login_2/case-001/LoginTest.playwright-plan.json","03/12/2026 01:33:18","http://localhost:8080","fail","3","0","3","0","28","27","24","3","1","browser_verify_text_visible","",""
"C:\Users\juria.koga\Documents\Github\LLM-test-evaluation\reports\playwright-results\command-r7b-12-2024\evaluation-results-cohere-login_3\case-001\LoginTest.playwright-result.json","command-r7b-12-2024","evaluation-results-cohere-login_3","case-001","ログイン","reports/playwright-plans/command-r7b-12-2024/evaluation-results-cohere-login_3/case-001/LoginTest.playwright-plan.json","03/12/2026 01:33:18","http://localhost:8080","fail","3","0","3","0","28","27","24","3","1","browser_verify_text_visible","",""
"C:\Users\juria.koga\Documents\Github\LLM-test-evaluation\reports\playwright-results\command-r7b-12-2024\evaluation-results-cohere-login_4\case-001\LoginTest.playwright-result.json","command-r7b-12-2024","evaluation-results-cohere-login_4","case-001","ログイン","reports/playwright-plans/command-r7b-12-2024/evaluation-results-cohere-login_4/case-001/LoginTest.playwright-plan.json","03/12/2026 01:33:19","http://localhost:8080","fail","3","0","3","0","28","27","24","3","1","browser_verify_text_visible","",""
"C:\Users\juria.koga\Documents\Github\LLM-test-evaluation\reports\playwright-results\command-r7b-12-2024\evaluation-results-cohere-login_5\case-001\LoginTest.playwright-result.json","command-r7b-12-2024","evaluation-results-cohere-login_5","case-001","ログイン","reports/playwright-plans/command-r7b-12-2024/evaluation-results-cohere-login_5/case-001/LoginTest.playwright-plan.json","03/12/2026 01:33:19","http://localhost:8080","fail","3","0","3","0","28","27","24","3","1","browser_verify_text_visible","",""
"C:\Users\juria.koga\Documents\Github\LLM-test-evaluation\reports\playwright-results\command-r7b-12-2024\evaluation-results-cohere-login_6\case-001\LoginTest.playwright-result.json","command-r7b-12-2024","evaluation-results-cohere-login_6","case-001","ログイン","reports/playwright-plans/command-r7b-12-2024/evaluation-results-cohere-login_6/case-001/LoginTest.playwright-plan.json","03/12/2026 01:33:19","http://localhost:8080","fail","3","0","3","0","28","27","24","3","1","browser_verify_text_visible","",""
"C:\Users\juria.koga\Documents\Github\LLM-test-evaluation\reports\playwright-results\command-r7b-12-2024\evaluation-results-cohere-login_7\case-001\LoginTest.playwright-result.json","command-r7b-12-2024","evaluation-results-cohere-login_7","case-001","ログイン","reports/playwright-plans/command-r7b-12-2024/evaluation-results-cohere-login_7/case-001/LoginTest.playwright-plan.json","03/12/2026 01:33:19","http://localhost:8080","fail","3","0","3","0","28","27","24","3","1","browser_verify_text_visible","",""
"C:\Users\juria.koga\Documents\Github\LLM-test-evaluation\reports\playwright-results\command-r7b-12-2024\evaluation-results-cohere-login_8\case-001\LoginTest.playwright-result.json","command-r7b-12-2024","evaluation-results-cohere-login_8","case-001","ログイン","reports/playwright-plans/command-r7b-12-2024/evaluation-results-cohere-login_8/case-001/LoginTest.playwright-plan.json","03/12/2026 01:33:20","http://localhost:8080","fail","3","0","3","0","28","27","24","3","1","browser_verify_text_visible","",""
"C:\Users\juria.koga\Documents\Github\LLM-test-evaluation\reports\playwright-results\command-r7b-12-2024\evaluation-results-cohere-login_9\case-001\LoginTest.playwright-result.json","command-r7b-12-2024","evaluation-results-cohere-login_9","case-001","ログイン","reports/playwright-plans/command-r7b-12-2024/evaluation-results-cohere-login_9/case-001/LoginTest.playwright-plan.json","03/12/2026 01:33:20","http://localhost:8080","fail","3","0","3","0","28","27","24","3","1","browser_verify_text_visible","",""
"C:\Users\juria.koga\Documents\Github\LLM-test-evaluation\reports\playwright-results\command-r7b-12-2024\evaluation-results-cohere-rbac_1\case-001\AuditLogTest.playwright-result.json","command-r7b-12-2024","evaluation-results-cohere-rbac_1","case-001","監査ログ","reports/playwright-plans/command-r7b-12-2024/evaluation-results-cohere-rbac_1/case-001/AuditLogTest.playwright-plan.json","03/12/2026 01:33:20","http://localhost:8080","fail","3","0","3","0","25","18","15","3","7","browser_fill_form","",""
"C:\Users\juria.koga\Documents\Github\LLM-test-evaluation\reports\playwright-results\command-r7b-12-2024\evaluation-results-cohere-rbac_10\case-001\AuditLogTest.playwright-result.json","command-r7b-12-2024","evaluation-results-cohere-rbac_10","case-001","監査ログ","reports/playwright-plans/command-r7b-12-2024/evaluation-results-cohere-rbac_10/case-001/AuditLogTest.playwright-plan.json","03/12/2026 01:33:20","http://localhost:8080","fail","3","0","3","0","25","18","15","3","7","browser_fill_form","",""
"C:\Users\juria.koga\Documents\Github\LLM-test-evaluation\reports\playwright-results\command-r7b-12-2024\evaluation-results-cohere-rbac_2\case-001\AuditLogTest.playwright-result.json","command-r7b-12-2024","evaluation-results-cohere-rbac_2","case-001","監査ログ","reports/playwright-plans/command-r7b-12-2024/evaluation-results-cohere-rbac_2/case-001/AuditLogTest.playwright-plan.json","03/12/2026 01:33:20","http://localhost:8080","fail","3","0","3","0","25","18","15","3","7","browser_fill_form","",""
"C:\Users\juria.koga\Documents\Github\LLM-test-evaluation\reports\playwright-results\command-r7b-12-2024\evaluation-results-cohere-rbac_3\case-001\AuditLogTest.playwright-result.json","command-r7b-12-2024","evaluation-results-cohere-rbac_3","case-001","監査ログ","reports/playwright-plans/command-r7b-12-2024/evaluation-results-cohere-rbac_3/case-001/AuditLogTest.playwright-plan.json","03/12/2026 01:33:21","http://localhost:8080","fail","3","0","3","0","25","18","15","3","7","browser_fill_form","",""
"C:\Users\juria.koga\Documents\Github\LLM-test-evaluation\reports\playwright-results\command-r7b-12-2024\evaluation-results-cohere-rbac_4\case-001\AuditLogTest.playwright-result.json","command-r7b-12-2024","evaluation-results-cohere-rbac_4","case-001","監査ログ","reports/playwright-plans/command-r7b-12-2024/evaluation-results-cohere-rbac_4/case-001/AuditLogTest.playwright-plan.json","03/12/2026 01:33:21","http://localhost:8080","fail","3","0","3","0","25","18","15","3","7","browser_fill_form","",""
"C:\Users\juria.koga\Documents\Github\LLM-test-evaluation\reports\playwright-results\command-r7b-12-2024\evaluation-results-cohere-rbac_5\case-001\AuditLogTest.playwright-result.json","command-r7b-12-2024","evaluation-results-cohere-rbac_5","case-001","監査ログ","reports/playwright-plans/command-r7b-12-2024/evaluation-results-cohere-rbac_5/case-001/AuditLogTest.playwright-plan.json","03/12/2026 01:33:21","http://localhost:8080","fail","3","0","3","0","25","18","15","3","7","browser_fill_form","",""
"C:\Users\juria.koga\Documents\Github\LLM-test-evaluation\reports\playwright-results\command-r7b-12-2024\evaluation-results-cohere-rbac_6\case-001\AuditLogTest.playwright-result.json","command-r7b-12-2024","evaluation-results-cohere-rbac_6","case-001","監査ログ","reports/playwright-plans/command-r7b-12-2024/evaluation-results-cohere-rbac_6/case-001/AuditLogTest.playwright-plan.json","03/12/2026 01:33:21","http://localhost:8080","fail","3","0","3","0","25","18","15","3","7","browser_fill_form","",""
"C:\Users\juria.koga\Documents\Github\LLM-test-evaluation\reports\playwright-results\command-r7b-12-2024\evaluation-results-cohere-rbac_7\case-001\AuditLogTest.playwright-result.json","command-r7b-12-2024","evaluation-results-cohere-rbac_7","case-001","監査ログ","reports/playwright-plans/command-r7b-12-2024/evaluation-results-cohere-rbac_7/case-001/AuditLogTest.playwright-plan.json","03/12/2026 01:33:21","http://localhost:8080","fail","3","0","3","0","25","18","15","3","7","browser_fill_form","",""
"C:\Users\juria.koga\Documents\Github\LLM-test-evaluation\reports\playwright-results\command-r7b-12-2024\evaluation-results-cohere-rbac_8\case-001\AuditLogTest.playwright-result.json","command-r7b-12-2024","evaluation-results-cohere-rbac_8","case-001","監査ログ","reports/playwright-plans/command-r7b-12-2024/evaluation-results-cohere-rbac_8/case-001/AuditLogTest.playwright-plan.json","03/12/2026 01:33:21","http://localhost:8080","fail","3","0","3","0","25","18","15","3","7","browser_fill_form","",""
"C:\Users\juria.koga\Documents\Github\LLM-test-evaluation\reports\playwright-results\command-r7b-12-2024\evaluation-results-cohere-rbac_9\case-001\AuditLogTest.playwright-result.json","command-r7b-12-2024","evaluation-results-cohere-rbac_9","case-001","監査ログ","reports/playwright-plans/command-r7b-12-2024/evaluation-results-cohere-rbac_9/case-001/AuditLogTest.playwright-plan.json","03/12/2026 01:33:21","http://localhost:8080","fail","3","0","3","0","25","18","15","3","7","browser_fill_form","",""
"C:\Users\juria.koga\Documents\Github\LLM-test-evaluation\reports\playwright-results\command-r7b-12-2024\evaluation-results-cohere-transfer_1\case-001\TransferTest.playwright-result.json","command-r7b-12-2024","evaluation-results-cohere-transfer_1","case-001","振込","reports/playwright-plans/command-r7b-12-2024/evaluation-results-cohere-transfer_1/case-001/TransferTest.playwright-plan.json","03/12/2026 01:34:41","http://localhost:8080","fail","2","0","2","0","15","8","6","2","7","browser_fill_form","",""
"C:\Users\juria.koga\Documents\Github\LLM-test-evaluation\reports\playwright-results\command-r7b-12-2024\evaluation-results-cohere-transfer_10\case-001\TransferTest.playwright-result.json","command-r7b-12-2024","evaluation-results-cohere-transfer_10","case-001","振込","reports/playwright-plans/command-r7b-12-2024/evaluation-results-cohere-transfer_10/case-001/TransferTest.playwright-plan.json","03/12/2026 01:33:41","http://localhost:8080","fail","2","0","2","0","15","8","6","2","7","browser_fill_form","",""
"C:\Users\juria.koga\Documents\Github\LLM-test-evaluation\reports\playwright-results\command-r7b-12-2024\evaluation-results-cohere-transfer_2\case-001\TransferTest.playwright-result.json","command-r7b-12-2024","evaluation-results-cohere-transfer_2","case-001","振込","reports/playwright-plans/command-r7b-12-2024/evaluation-results-cohere-transfer_2/case-001/TransferTest.playwright-plan.json","03/12/2026 01:35:41","http://localhost:8080","fail","2","0","2","0","15","8","6","2","7","browser_fill_form","",""
"C:\Users\juria.koga\Documents\Github\LLM-test-evaluation\reports\playwright-results\command-r7b-12-2024\evaluation-results-cohere-transfer_3\case-001\TransferTest.playwright-result.json","command-r7b-12-2024","evaluation-results-cohere-transfer_3","case-001","振込","reports/playwright-plans/command-r7b-12-2024/evaluation-results-cohere-transfer_3/case-001/TransferTest.playwright-plan.json","03/12/2026 01:36:41","http://localhost:8080","fail","2","0","2","0","15","8","6","2","7","browser_fill_form","",""
"C:\Users\juria.koga\Documents\Github\LLM-test-evaluation\reports\playwright-results\command-r7b-12-2024\evaluation-results-cohere-transfer_4\case-001\TransferTest.playwright-result.json","command-r7b-12-2024","evaluation-results-cohere-transfer_4","case-001","振込","reports/playwright-plans/command-r7b-12-2024/evaluation-results-cohere-transfer_4/case-001/TransferTest.playwright-plan.json","03/12/2026 01:37:41","http://localhost:8080","fail","2","0","2","0","15","8","6","2","7","browser_fill_form","",""
"C:\Users\juria.koga\Documents\Github\LLM-test-evaluation\reports\playwright-results\command-r7b-12-2024\evaluation-results-cohere-transfer_5\case-001\TransferTest.playwright-result.json","command-r7b-12-2024","evaluation-results-cohere-transfer_5","case-001","振込","reports/playwright-plans/command-r7b-12-2024/evaluation-results-cohere-transfer_5/case-001/TransferTest.playwright-plan.json","03/12/2026 01:38:41","http://localhost:8080","fail","2","0","2","0","15","8","6","2","7","browser_fill_form","",""
"C:\Users\juria.koga\Documents\Github\LLM-test-evaluation\reports\playwright-results\command-r7b-12-2024\evaluation-results-cohere-transfer_6\case-001\TransferTest.playwright-result.json","command-r7b-12-2024","evaluation-results-cohere-transfer_6","case-001","振込","reports/playwright-plans/command-r7b-12-2024/evaluation-results-cohere-transfer_6/case-001/TransferTest.playwright-plan.json","03/12/2026 01:39:41","http://localhost:8080","fail","2","0","2","0","15","8","6","2","7","browser_fill_form","",""
"C:\Users\juria.koga\Documents\Github\LLM-test-evaluation\reports\playwright-results\command-r7b-12-2024\evaluation-results-cohere-transfer_7\case-001\TransferTest.playwright-result.json","command-r7b-12-2024","evaluation-results-cohere-transfer_7","case-001","振込","reports/playwright-plans/command-r7b-12-2024/evaluation-results-cohere-transfer_7/case-001/TransferTest.playwright-plan.json","03/12/2026 01:40:41","http://localhost:8080","fail","2","0","2","0","15","8","6","2","7","browser_fill_form","",""
"C:\Users\juria.koga\Documents\Github\LLM-test-evaluation\reports\playwright-results\command-r7b-12-2024\evaluation-results-cohere-transfer_8\case-001\TransferTest.playwright-result.json","command-r7b-12-2024","evaluation-results-cohere-transfer_8","case-001","振込","reports/playwright-plans/command-r7b-12-2024/evaluation-results-cohere-transfer_8/case-001/TransferTest.playwright-plan.json","03/12/2026 01:41:42","http://localhost:8080","fail","2","0","2","0","15","8","6","2","7","browser_fill_form","",""
"C:\Users\juria.koga\Documents\Github\LLM-test-evaluation\reports\playwright-results\command-r7b-12-2024\evaluation-results-cohere-transfer_9\case-001\TransferTest.playwright-result.json","command-r7b-12-2024","evaluation-results-cohere-transfer_9","case-001","振込","reports/playwright-plans/command-r7b-12-2024/evaluation-results-cohere-transfer_9/case-001/TransferTest.playwright-plan.json","03/12/2026 01:42:42","http://localhost:8080","fail","2","0","2","0","15","8","6","2","7","browser_fill_form","",""
"C:\Users\juria.koga\Documents\Github\LLM-test-evaluation\reports\playwright-results\gemma-3n-e4b-it\evaluation-results-gemma-login_1\case-001\SecureBankLoginTest.playwright-result.json","gemma-3n-e4b-it","evaluation-results-gemma-login_1","case-001","ログイン","reports/playwright-plans/gemma-3n-e4b-it/evaluation-results-gemma-login_1/case-001/SecureBankLoginTest.playwright-plan.json","03/12/2026 01:43:22","http://localhost:8080","fail","3","0","3","0","30","17","14","3","13","browser_click","#submit_button",""
"C:\Users\juria.koga\Documents\Github\LLM-test-evaluation\reports\playwright-results\gemma-3n-e4b-it\evaluation-results-gemma-login_10\case-001\SecureBankLoginTest.playwright-result.json","gemma-3n-e4b-it","evaluation-results-gemma-login_10","case-001","ログイン","reports/playwright-plans/gemma-3n-e4b-it/evaluation-results-gemma-login_10/case-001/SecureBankLoginTest.playwright-plan.json","03/12/2026 01:43:22","http://localhost:8080","fail","3","0","3","0","30","17","14","3","13","browser_click","#submit_button",""
"C:\Users\juria.koga\Documents\Github\LLM-test-evaluation\reports\playwright-results\gemma-3n-e4b-it\evaluation-results-gemma-login_2\case-001\SecureBankLoginTest.playwright-result.json","gemma-3n-e4b-it","evaluation-results-gemma-login_2","case-001","ログイン","reports/playwright-plans/gemma-3n-e4b-it/evaluation-results-gemma-login_2/case-001/SecureBankLoginTest.playwright-plan.json","03/12/2026 01:43:22","http://localhost:8080","fail","3","0","3","0","30","17","14","3","13","browser_click","#submit_button",""
"C:\Users\juria.koga\Documents\Github\LLM-test-evaluation\reports\playwright-results\gemma-3n-e4b-it\evaluation-results-gemma-login_3\case-001\SecureBankLoginTest.playwright-result.json","gemma-3n-e4b-it","evaluation-results-gemma-login_3","case-001","ログイン","reports/playwright-plans/gemma-3n-e4b-it/evaluation-results-gemma-login_3/case-001/SecureBankLoginTest.playwright-plan.json","03/12/2026 01:43:22","http://localhost:8080","fail","3","0","3","0","30","17","14","3","13","browser_click","#submit_button",""
"C:\Users\juria.koga\Documents\Github\LLM-test-evaluation\reports\playwright-results\gemma-3n-e4b-it\evaluation-results-gemma-login_4\case-001\SecureBankLoginTest.playwright-result.json","gemma-3n-e4b-it","evaluation-results-gemma-login_4","case-001","ログイン","reports/playwright-plans/gemma-3n-e4b-it/evaluation-results-gemma-login_4/case-001/SecureBankLoginTest.playwright-plan.json","03/12/2026 01:43:23","http://localhost:8080","fail","3","0","3","0","30","17","14","3","13","browser_click","#submit_button",""
"C:\Users\juria.koga\Documents\Github\LLM-test-evaluation\reports\playwright-results\gemma-3n-e4b-it\evaluation-results-gemma-login_5\case-001\SecureBankLoginTest.playwright-result.json","gemma-3n-e4b-it","evaluation-results-gemma-login_5","case-001","ログイン","reports/playwright-plans/gemma-3n-e4b-it/evaluation-results-gemma-login_5/case-001/SecureBankLoginTest.playwright-plan.json","03/12/2026 01:43:23","http://localhost:8080","fail","3","0","3","0","30","17","14","3","13","browser_click","#submit_button",""
"C:\Users\juria.koga\Documents\Github\LLM-test-evaluation\reports\playwright-results\gemma-3n-e4b-it\evaluation-results-gemma-login_6\case-001\SecureBankLoginTest.playwright-result.json","gemma-3n-e4b-it","evaluation-results-gemma-login_6","case-001","ログイン","reports/playwright-plans/gemma-3n-e4b-it/evaluation-results-gemma-login_6/case-001/SecureBankLoginTest.playwright-plan.json","03/12/2026 01:43:23","http://localhost:8080","fail","3","0","3","0","30","17","14","3","13","browser_click","#submit_button",""
"C:\Users\juria.koga\Documents\Github\LLM-test-evaluation\reports\playwright-results\gemma-3n-e4b-it\evaluation-results-gemma-login_7\case-001\SecureBankLoginTest.playwright-result.json","gemma-3n-e4b-it","evaluation-results-gemma-login_7","case-001","ログイン","reports/playwright-plans/gemma-3n-e4b-it/evaluation-results-gemma-login_7/case-001/SecureBankLoginTest.playwright-plan.json","03/12/2026 01:43:23","http://localhost:8080","fail","3","0","3","0","30","17","14","3","13","browser_click","#submit_button",""
"C:\Users\juria.koga\Documents\Github\LLM-test-evaluation\reports\playwright-results\gemma-3n-e4b-it\evaluation-results-gemma-login_8\case-001\SecureBankLoginTest.playwright-result.json","gemma-3n-e4b-it","evaluation-results-gemma-login_8","case-001","ログイン","reports/playwright-plans/gemma-3n-e4b-it/evaluation-results-gemma-login_8/case-001/SecureBankLoginTest.playwright-plan.json","03/12/2026 01:43:23","http://localhost:8080","fail","3","0","3","0","30","17","14","3","13","browser_click","#submit_button",""
"C:\Users\juria.koga\Documents\Github\LLM-test-evaluation\reports\playwright-results\gemma-3n-e4b-it\evaluation-results-gemma-login_9\case-001\SecureBankLoginTest.playwright-result.json","gemma-3n-e4b-it","evaluation-results-gemma-login_9","case-001","ログイン","reports/playwright-plans/gemma-3n-e4b-it/evaluation-results-gemma-login_9/case-001/SecureBankLoginTest.playwright-plan.json","03/12/2026 01:43:23","http://localhost:8080","fail","3","0","3","0","30","17","14","3","13","browser_click","#submit_button",""
"C:\Users\juria.koga\Documents\Github\LLM-test-evaluation\reports\playwright-results\gemma-3n-e4b-it\evaluation-results-gemma-rbac_1\case-001\AuditLogTest.playwright-result.json","gemma-3n-e4b-it","evaluation-results-gemma-rbac_1","case-001","監査ログ","reports/playwright-plans/gemma-3n-e4b-it/evaluation-results-gemma-rbac_1/case-001/AuditLogTest.playwright-plan.json","03/12/2026 01:43:24","http://localhost:8080","fail","3","0","3","0","15","15","12","3","0","browser_click","#submit_button_text",""
"C:\Users\juria.koga\Documents\Github\LLM-test-evaluation\reports\playwright-results\gemma-3n-e4b-it\evaluation-results-gemma-rbac_10\case-001\AuditLogTest.playwright-result.json","gemma-3n-e4b-it","evaluation-results-gemma-rbac_10","case-001","監査ログ","reports/playwright-plans/gemma-3n-e4b-it/evaluation-results-gemma-rbac_10/case-001/AuditLogTest.playwright-plan.json","03/12/2026 01:43:24","http://localhost:8080","fail","3","0","3","0","15","15","12","3","0","browser_click","#submit_button_text",""
"C:\Users\juria.koga\Documents\Github\LLM-test-evaluation\reports\playwright-results\gemma-3n-e4b-it\evaluation-results-gemma-rbac_2\case-001\AuditLogTest.playwright-result.json","gemma-3n-e4b-it","evaluation-results-gemma-rbac_2","case-001","監査ログ","reports/playwright-plans/gemma-3n-e4b-it/evaluation-results-gemma-rbac_2/case-001/AuditLogTest.playwright-plan.json","03/12/2026 01:43:24","http://localhost:8080","fail","3","0","3","0","15","15","12","3","0","browser_click","#submit_button_text",""
"C:\Users\juria.koga\Documents\Github\LLM-test-evaluation\reports\playwright-results\gemma-3n-e4b-it\evaluation-results-gemma-rbac_3\case-001\AuditLogTest.playwright-result.json","gemma-3n-e4b-it","evaluation-results-gemma-rbac_3","case-001","監査ログ","reports/playwright-plans/gemma-3n-e4b-it/evaluation-results-gemma-rbac_3/case-001/AuditLogTest.playwright-plan.json","03/12/2026 01:43:24","http://localhost:8080","fail","3","0","3","0","15","15","12","3","0","browser_click","#submit_button_text",""
"C:\Users\juria.koga\Documents\Github\LLM-test-evaluation\reports\playwright-results\gemma-3n-e4b-it\evaluation-results-gemma-rbac_4\case-001\AuditLogTest.playwright-result.json","gemma-3n-e4b-it","evaluation-results-gemma-rbac_4","case-001","監査ログ","reports/playwright-plans/gemma-3n-e4b-it/evaluation-results-gemma-rbac_4/case-001/AuditLogTest.playwright-plan.json","03/12/2026 01:43:24","http://localhost:8080","fail","3","0","3","0","15","15","12","3","0","browser_click","#submit_button_text",""
"C:\Users\juria.koga\Documents\Github\LLM-test-evaluation\reports\playwright-results\gemma-3n-e4b-it\evaluation-results-gemma-rbac_5\case-001\AuditLogTest.playwright-result.json","gemma-3n-e4b-it","evaluation-results-gemma-rbac_5","case-001","監査ログ","reports/playwright-plans/gemma-3n-e4b-it/evaluation-results-gemma-rbac_5/case-001/AuditLogTest.playwright-plan.json","03/12/2026 01:43:24","http://localhost:8080","fail","3","0","3","0","15","15","12","3","0","browser_click","#submit_button_text",""
"C:\Users\juria.koga\Documents\Github\LLM-test-evaluation\reports\playwright-results\gemma-3n-e4b-it\evaluation-results-gemma-rbac_6\case-001\AuditLogTest.playwright-result.json","gemma-3n-e4b-it","evaluation-results-gemma-rbac_6","case-001","監査ログ","reports/playwright-plans/gemma-3n-e4b-it/evaluation-results-gemma-rbac_6/case-001/AuditLogTest.playwright-plan.json","03/12/2026 01:43:24","http://localhost:8080","fail","3","0","3","0","15","15","12","3","0","browser_click","#submit_button_text",""
"C:\Users\juria.koga\Documents\Github\LLM-test-evaluation\reports\playwright-results\gemma-3n-e4b-it\evaluation-results-gemma-rbac_7\case-001\AuditLogTest.playwright-result.json","gemma-3n-e4b-it","evaluation-results-gemma-rbac_7","case-001","監査ログ","reports/playwright-plans/gemma-3n-e4b-it/evaluation-results-gemma-rbac_7/case-001/AuditLogTest.playwright-plan.json","03/12/2026 01:43:24","http://localhost:8080","fail","3","0","3","0","15","15","12","3","0","browser_click","#submit_button_text",""
"C:\Users\juria.koga\Documents\Github\LLM-test-evaluation\reports\playwright-results\gemma-3n-e4b-it\evaluation-results-gemma-rbac_8\case-001\AuditLogTest.playwright-result.json","gemma-3n-e4b-it","evaluation-results-gemma-rbac_8","case-001","監査ログ","reports/playwright-plans/gemma-3n-e4b-it/evaluation-results-gemma-rbac_8/case-001/AuditLogTest.playwright-plan.json","03/12/2026 01:43:24","http://localhost:8080","fail","3","0","3","0","15","15","12","3","0","browser_click","#submit_button_text",""
"C:\Users\juria.koga\Documents\Github\LLM-test-evaluation\reports\playwright-results\gemma-3n-e4b-it\evaluation-results-gemma-rbac_9\case-001\AuditLogTest.playwright-result.json","gemma-3n-e4b-it","evaluation-results-gemma-rbac_9","case-001","監査ログ","reports/playwright-plans/gemma-3n-e4b-it/evaluation-results-gemma-rbac_9/case-001/AuditLogTest.playwright-plan.json","03/12/2026 01:43:25","http://localhost:8080","fail","3","0","3","0","15","15","12","3","0","browser_click","#submit_button_text",""
"C:\Users\juria.koga\Documents\Github\LLM-test-evaluation\reports\playwright-results\gemma-3n-e4b-it\evaluation-results-gemma-transfer_1\case-001\TransferTest.playwright-result.json","gemma-3n-e4b-it","evaluation-results-gemma-transfer_1","case-001","振込","reports/playwright-plans/gemma-3n-e4b-it/evaluation-results-gemma-transfer_1/case-001/TransferTest.playwright-plan.json","03/12/2026 01:43:25","http://localhost:8080","fail","3","0","3","0","36","15","12","3","21","browser_click","#submit_button_text",""
"C:\Users\juria.koga\Documents\Github\LLM-test-evaluation\reports\playwright-results\gemma-3n-e4b-it\evaluation-results-gemma-transfer_10\case-001\TransferTest.playwright-result.json","gemma-3n-e4b-it","evaluation-results-gemma-transfer_10","case-001","振込","reports/playwright-plans/gemma-3n-e4b-it/evaluation-results-gemma-transfer_10/case-001/TransferTest.playwright-plan.json","03/12/2026 01:43:25","http://localhost:8080","fail","3","0","3","0","36","15","12","3","21","browser_click","#submit_button_text",""
"C:\Users\juria.koga\Documents\Github\LLM-test-evaluation\reports\playwright-results\gemma-3n-e4b-it\evaluation-results-gemma-transfer_2\case-001\TransferTest.playwright-result.json","gemma-3n-e4b-it","evaluation-results-gemma-transfer_2","case-001","振込","reports/playwright-plans/gemma-3n-e4b-it/evaluation-results-gemma-transfer_2/case-001/TransferTest.playwright-plan.json","03/12/2026 01:43:25","http://localhost:8080","fail","3","0","3","0","36","15","12","3","21","browser_click","#submit_button_text",""
"C:\Users\juria.koga\Documents\Github\LLM-test-evaluation\reports\playwright-results\gemma-3n-e4b-it\evaluation-results-gemma-transfer_3\case-001\TransferTest.playwright-result.json","gemma-3n-e4b-it","evaluation-results-gemma-transfer_3","case-001","振込","reports/playwright-plans/gemma-3n-e4b-it/evaluation-results-gemma-transfer_3/case-001/TransferTest.playwright-plan.json","03/12/2026 01:43:25","http://localhost:8080","fail","3","0","3","0","36","15","12","3","21","browser_click","#submit_button_text",""
"C:\Users\juria.koga\Documents\Github\LLM-test-evaluation\reports\playwright-results\gemma-3n-e4b-it\evaluation-results-gemma-transfer_4\case-001\TransferTest.playwright-result.json","gemma-3n-e4b-it","evaluation-results-gemma-transfer_4","case-001","振込","reports/playwright-plans/gemma-3n-e4b-it/evaluation-results-gemma-transfer_4/case-001/TransferTest.playwright-plan.json","03/12/2026 01:43:25","http://localhost:8080","fail","3","0","3","0","36","15","12","3","21","browser_click","#submit_button_text",""
"C:\Users\juria.koga\Documents\Github\LLM-test-evaluation\reports\playwright-results\gemma-3n-e4b-it\evaluation-results-gemma-transfer_5\case-001\TransferTest.playwright-result.json","gemma-3n-e4b-it","evaluation-results-gemma-transfer_5","case-001","振込","reports/playwright-plans/gemma-3n-e4b-it/evaluation-results-gemma-transfer_5/case-001/TransferTest.playwright-plan.json","03/12/2026 01:43:25","http://localhost:8080","fail","3","0","3","0","36","15","12","3","21","browser_click","#submit_button_text",""
"C:\Users\juria.koga\Documents\Github\LLM-test-evaluation\reports\playwright-results\gemma-3n-e4b-it\evaluation-results-gemma-transfer_6\case-001\TransferTest.playwright-result.json","gemma-3n-e4b-it","evaluation-results-gemma-transfer_6","case-001","振込","reports/playwright-plans/gemma-3n-e4b-it/evaluation-results-gemma-transfer_6/case-001/TransferTest.playwright-plan.json","03/12/2026 01:43:25","http://localhost:8080","fail","3","0","3","0","36","15","12","3","21","browser_click","#submit_button_text",""
"C:\Users\juria.koga\Documents\Github\LLM-test-evaluation\reports\playwright-results\gemma-3n-e4b-it\evaluation-results-gemma-transfer_7\case-001\TransferTest.playwright-result.json","gemma-3n-e4b-it","evaluation-results-gemma-transfer_7","case-001","振込","reports/playwright-plans/gemma-3n-e4b-it/evaluation-results-gemma-transfer_7/case-001/TransferTest.playwright-plan.json","03/12/2026 01:43:25","http://localhost:8080","fail","3","0","3","0","36","15","12","3","21","browser_click","#submit_button_text",""
"C:\Users\juria.koga\Documents\Github\LLM-test-evaluation\reports\playwright-results\gemma-3n-e4b-it\evaluation-results-gemma-transfer_8\case-001\TransferTest.playwright-result.json","gemma-3n-e4b-it","evaluation-results-gemma-transfer_8","case-001","振込","reports/playwright-plans/gemma-3n-e4b-it/evaluation-results-gemma-transfer_8/case-001/TransferTest.playwright-plan.json","03/12/2026 01:43:26","http://localhost:8080","fail","3","0","3","0","36","15","12","3","21","browser_click","#submit_button_text",""
"C:\Users\juria.koga\Documents\Github\LLM-test-evaluation\reports\playwright-results\gemma-3n-e4b-it\evaluation-results-gemma-transfer_9\case-001\TransferTest.playwright-result.json","gemma-3n-e4b-it","evaluation-results-gemma-transfer_9","case-001","振込","reports/playwright-plans/gemma-3n-e4b-it/evaluation-results-gemma-transfer_9/case-001/TransferTest.playwright-plan.json","03/12/2026 01:43:26","http://localhost:8080","fail","3","0","3","0","36","15","12","3","21","browser_click","#submit_button_text",""
"C:\Users\juria.koga\Documents\Github\LLM-test-evaluation\reports\playwright-results\gpt-oss-20b\evaluation-results-groq-login_1\case-001\LoginE2ETest.playwright-result.json","gpt-oss-20b","evaluation-results-groq-login_1","case-001","ログイン","reports/playwright-plans/gpt-oss-20b/evaluation-results-groq-login_1/case-001/LoginE2ETest.playwright-plan.json","03/12/2026 01:44:22","http://localhost:8080","fail","4","1","3","0","23","17","14","3","6","browser_evaluate | browser_fill_form","",""
"C:\Users\juria.koga\Documents\Github\LLM-test-evaluation\reports\playwright-results\gpt-oss-20b\evaluation-results-groq-login_10\case-001\LoginE2ETest.playwright-result.json","gpt-oss-20b","evaluation-results-groq-login_10","case-001","ログイン","reports/playwright-plans/gpt-oss-20b/evaluation-results-groq-login_10/case-001/LoginE2ETest.playwright-plan.json","03/12/2026 01:43:42","http://localhost:8080","fail","4","1","3","0","23","17","14","3","6","browser_evaluate | browser_fill_form","",""
"C:\Users\juria.koga\Documents\Github\LLM-test-evaluation\reports\playwright-results\gpt-oss-20b\evaluation-results-groq-login_2\case-001\LoginE2ETest.playwright-result.json","gpt-oss-20b","evaluation-results-groq-login_2","case-001","ログイン","reports/playwright-plans/gpt-oss-20b/evaluation-results-groq-login_2/case-001/LoginE2ETest.playwright-plan.json","03/12/2026 01:45:02","http://localhost:8080","fail","4","1","3","0","23","17","14","3","6","browser_evaluate | browser_fill_form","",""
"C:\Users\juria.koga\Documents\Github\LLM-test-evaluation\reports\playwright-results\gpt-oss-20b\evaluation-results-groq-login_3\case-001\LoginE2ETest.playwright-result.json","gpt-oss-20b","evaluation-results-groq-login_3","case-001","ログイン","reports/playwright-plans/gpt-oss-20b/evaluation-results-groq-login_3/case-001/LoginE2ETest.playwright-plan.json","03/12/2026 01:45:42","http://localhost:8080","fail","4","1","3","0","23","17","14","3","6","browser_evaluate | browser_fill_form","",""
"C:\Users\juria.koga\Documents\Github\LLM-test-evaluation\reports\playwright-results\gpt-oss-20b\evaluation-results-groq-login_4\case-001\LoginE2ETest.playwright-result.json","gpt-oss-20b","evaluation-results-groq-login_4","case-001","ログイン","reports/playwright-plans/gpt-oss-20b/evaluation-results-groq-login_4/case-001/LoginE2ETest.playwright-plan.json","03/12/2026 01:46:22","http://localhost:8080","fail","4","1","3","0","23","17","14","3","6","browser_evaluate | browser_fill_form","",""
"C:\Users\juria.koga\Documents\Github\LLM-test-evaluation\reports\playwright-results\gpt-oss-20b\evaluation-results-groq-login_5\case-001\LoginE2ETest.playwright-result.json","gpt-oss-20b","evaluation-results-groq-login_5","case-001","ログイン","reports/playwright-plans/gpt-oss-20b/evaluation-results-groq-login_5/case-001/LoginE2ETest.playwright-plan.json","03/12/2026 01:47:02","http://localhost:8080","fail","4","1","3","0","23","17","14","3","6","browser_evaluate | browser_fill_form","",""
"C:\Users\juria.koga\Documents\Github\LLM-test-evaluation\reports\playwright-results\gpt-oss-20b\evaluation-results-groq-login_6\case-001\LoginE2ETest.playwright-result.json","gpt-oss-20b","evaluation-results-groq-login_6","case-001","ログイン","reports/playwright-plans/gpt-oss-20b/evaluation-results-groq-login_6/case-001/LoginE2ETest.playwright-plan.json","03/12/2026 01:47:42","http://localhost:8080","fail","4","1","3","0","23","17","14","3","6","browser_evaluate | browser_fill_form","",""
"C:\Users\juria.koga\Documents\Github\LLM-test-evaluation\reports\playwright-results\gpt-oss-20b\evaluation-results-groq-login_7\case-001\LoginE2ETest.playwright-result.json","gpt-oss-20b","evaluation-results-groq-login_7","case-001","ログイン","reports/playwright-plans/gpt-oss-20b/evaluation-results-groq-login_7/case-001/LoginE2ETest.playwright-plan.json","03/12/2026 01:48:23","http://localhost:8080","fail","4","1","3","0","23","17","14","3","6","browser_evaluate | browser_fill_form","",""
"C:\Users\juria.koga\Documents\Github\LLM-test-evaluation\reports\playwright-results\gpt-oss-20b\evaluation-results-groq-login_8\case-001\LoginE2ETest.playwright-result.json","gpt-oss-20b","evaluation-results-groq-login_8","case-001","ログイン","reports/playwright-plans/gpt-oss-20b/evaluation-results-groq-login_8/case-001/LoginE2ETest.playwright-plan.json","03/12/2026 01:49:03","http://localhost:8080","fail","4","1","3","0","23","17","14","3","6","browser_evaluate | browser_fill_form","",""
"C:\Users\juria.koga\Documents\Github\LLM-test-evaluation\reports\playwright-results\gpt-oss-20b\evaluation-results-groq-login_9\case-001\LoginE2ETest.playwright-result.json","gpt-oss-20b","evaluation-results-groq-login_9","case-001","ログイン","reports/playwright-plans/gpt-oss-20b/evaluation-results-groq-login_9/case-001/LoginE2ETest.playwright-plan.json","03/12/2026 01:49:43","http://localhost:8080","fail","4","1","3","0","23","17","14","3","6","browser_evaluate | browser_fill_form","",""
"C:\Users\juria.koga\Documents\Github\LLM-test-evaluation\reports\playwright-results\gpt-oss-20b\evaluation-results-groq-rbac_1\case-001\AuditLogRBACTest.playwright-result.json","gpt-oss-20b","evaluation-results-groq-rbac_1","case-001","監査ログ","reports/playwright-plans/gpt-oss-20b/evaluation-results-groq-rbac_1/case-001/AuditLogRBACTest.playwright-plan.json","03/12/2026 01:50:23","http://localhost:8080","fail","4","1","3","0","21","19","16","3","2","browser_evaluate","",""
"C:\Users\juria.koga\Documents\Github\LLM-test-evaluation\reports\playwright-results\gpt-oss-20b\evaluation-results-groq-rbac_10\case-001\AuditLogRBACTest.playwright-result.json","gpt-oss-20b","evaluation-results-groq-rbac_10","case-001","監査ログ","reports/playwright-plans/gpt-oss-20b/evaluation-results-groq-rbac_10/case-001/AuditLogRBACTest.playwright-plan.json","03/12/2026 01:50:07","http://localhost:8080","fail","4","1","3","0","21","19","16","3","2","browser_evaluate","",""
"C:\Users\juria.koga\Documents\Github\LLM-test-evaluation\reports\playwright-results\gpt-oss-20b\evaluation-results-groq-rbac_2\case-001\AuditLogRBACTest.playwright-result.json","gpt-oss-20b","evaluation-results-groq-rbac_2","case-001","監査ログ","reports/playwright-plans/gpt-oss-20b/evaluation-results-groq-rbac_2/case-001/AuditLogRBACTest.playwright-plan.json","03/12/2026 01:50:31","http://localhost:8080","fail","4","1","3","0","21","19","16","3","2","browser_evaluate","",""
"C:\Users\juria.koga\Documents\Github\LLM-test-evaluation\reports\playwright-results\gpt-oss-20b\evaluation-results-groq-rbac_3\case-001\AuditLogRBACTest.playwright-result.json","gpt-oss-20b","evaluation-results-groq-rbac_3","case-001","監査ログ","reports/playwright-plans/gpt-oss-20b/evaluation-results-groq-rbac_3/case-001/AuditLogRBACTest.playwright-plan.json","03/12/2026 01:50:39","http://localhost:8080","fail","4","1","3","0","21","19","16","3","2","browser_evaluate","",""
"C:\Users\juria.koga\Documents\Github\LLM-test-evaluation\reports\playwright-results\gpt-oss-20b\evaluation-results-groq-rbac_4\case-001\AuditLogRBACTest.playwright-result.json","gpt-oss-20b","evaluation-results-groq-rbac_4","case-001","監査ログ","reports/playwright-plans/gpt-oss-20b/evaluation-results-groq-rbac_4/case-001/AuditLogRBACTest.playwright-plan.json","03/12/2026 01:50:48","http://localhost:8080","fail","4","1","3","0","21","19","16","3","2","browser_evaluate","",""
"C:\Users\juria.koga\Documents\Github\LLM-test-evaluation\reports\playwright-results\gpt-oss-20b\evaluation-results-groq-rbac_5\case-001\AuditLogRBACTest.playwright-result.json","gpt-oss-20b","evaluation-results-groq-rbac_5","case-001","監査ログ","reports/playwright-plans/gpt-oss-20b/evaluation-results-groq-rbac_5/case-001/AuditLogRBACTest.playwright-plan.json","03/12/2026 01:50:56","http://localhost:8080","fail","4","1","3","0","21","19","16","3","2","browser_evaluate","",""
"C:\Users\juria.koga\Documents\Github\LLM-test-evaluation\reports\playwright-results\gpt-oss-20b\evaluation-results-groq-rbac_6\case-001\AuditLogRBACTest.playwright-result.json","gpt-oss-20b","evaluation-results-groq-rbac_6","case-001","監査ログ","reports/playwright-plans/gpt-oss-20b/evaluation-results-groq-rbac_6/case-001/AuditLogRBACTest.playwright-plan.json","03/12/2026 01:51:04","http://localhost:8080","fail","4","1","3","0","21","19","16","3","2","browser_evaluate","",""
"C:\Users\juria.koga\Documents\Github\LLM-test-evaluation\reports\playwright-results\gpt-oss-20b\evaluation-results-groq-rbac_7\case-001\AuditLogRBACTest.playwright-result.json","gpt-oss-20b","evaluation-results-groq-rbac_7","case-001","監査ログ","reports/playwright-plans/gpt-oss-20b/evaluation-results-groq-rbac_7/case-001/AuditLogRBACTest.playwright-plan.json","03/12/2026 01:51:12","http://localhost:8080","fail","4","1","3","0","21","19","16","3","2","browser_evaluate","",""
"C:\Users\juria.koga\Documents\Github\LLM-test-evaluation\reports\playwright-results\gpt-oss-20b\evaluation-results-groq-rbac_8\case-001\AuditLogRBACTest.playwright-result.json","gpt-oss-20b","evaluation-results-groq-rbac_8","case-001","監査ログ","reports/playwright-plans/gpt-oss-20b/evaluation-results-groq-rbac_8/case-001/AuditLogRBACTest.playwright-plan.json","03/12/2026 01:51:20","http://localhost:8080","fail","4","1","3","0","21","19","16","3","2","browser_evaluate","",""
"C:\Users\juria.koga\Documents\Github\LLM-test-evaluation\reports\playwright-results\gpt-oss-20b\evaluation-results-groq-rbac_9\case-001\AuditLogRBACTest.playwright-result.json","gpt-oss-20b","evaluation-results-groq-rbac_9","case-001","監査ログ","reports/playwright-plans/gpt-oss-20b/evaluation-results-groq-rbac_9/case-001/AuditLogRBACTest.playwright-plan.json","03/12/2026 01:51:28","http://localhost:8080","fail","4","1","3","0","21","19","16","3","2","browser_evaluate","",""
"C:\Users\juria.koga\Documents\Github\LLM-test-evaluation\reports\playwright-results\llama-3.3-70b-instruct\evaluation-results-llama-login_1\case-001\SecureBankLoginTest.playwright-result.json","llama-3.3-70b-instruct","evaluation-results-llama-login_1","case-001","ログイン","","","","","0","0","0","0","0","0","0","0","0","","",""
"C:\Users\juria.koga\Documents\Github\LLM-test-evaluation\reports\playwright-results\llama-3.3-70b-instruct\evaluation-results-llama-login_10\case-001\SecureBankLoginTest.playwright-result.json","llama-3.3-70b-instruct","evaluation-results-llama-login_10","case-001","ログイン","reports/playwright-plans/llama-3.3-70b-instruct/evaluation-results-llama-login_10/case-001/SecureBankLoginTest.playwright-plan.json","03/12/2026 01:51:37","http://localhost:8080","fail","3","1","2","0","32","32","30","2","0","browser_verify_text_visible","",""
"C:\Users\juria.koga\Documents\Github\LLM-test-evaluation\reports\playwright-results\llama-3.3-70b-instruct\evaluation-results-llama-login_2\case-001\SecureBankLoginTest.playwright-result.json","llama-3.3-70b-instruct","evaluation-results-llama-login_2","case-001","ログイン","reports/playwright-plans/llama-3.3-70b-instruct/evaluation-results-llama-login_2/case-001/SecureBankLoginTest.playwright-plan.json","03/12/2026 01:51:47","http://localhost:8080","fail","3","1","2","0","32","32","30","2","0","browser_verify_text_visible","",""
"C:\Users\juria.koga\Documents\Github\LLM-test-evaluation\reports\playwright-results\llama-3.3-70b-instruct\evaluation-results-llama-login_3\case-001\SecureBankLoginTest.playwright-result.json","llama-3.3-70b-instruct","evaluation-results-llama-login_3","case-001","ログイン","reports/playwright-plans/llama-3.3-70b-instruct/evaluation-results-llama-login_3/case-001/SecureBankLoginTest.playwright-plan.json","03/12/2026 01:51:57","http://localhost:8080","fail","3","1","2","0","32","32","30","2","0","browser_verify_text_visible","",""
"C:\Users\juria.koga\Documents\Github\LLM-test-evaluation\reports\playwright-results\llama-3.3-70b-instruct\evaluation-results-llama-login_4\case-001\SecureBankLoginTest.playwright-result.json","llama-3.3-70b-instruct","evaluation-results-llama-login_4","case-001","ログイン","reports/playwright-plans/llama-3.3-70b-instruct/evaluation-results-llama-login_4/case-001/SecureBankLoginTest.playwright-plan.json","03/12/2026 01:52:08","http://localhost:8080","fail","3","1","2","0","32","32","30","2","0","browser_verify_text_visible","",""
"C:\Users\juria.koga\Documents\Github\LLM-test-evaluation\reports\playwright-results\llama-3.3-70b-instruct\evaluation-results-llama-login_5\case-001\SecureBankLoginTest.playwright-result.json","llama-3.3-70b-instruct","evaluation-results-llama-login_5","case-001","ログイン","reports/playwright-plans/llama-3.3-70b-instruct/evaluation-results-llama-login_5/case-001/SecureBankLoginTest.playwright-plan.json","03/12/2026 01:52:18","http://localhost:8080","fail","3","1","2","0","32","32","30","2","0","browser_verify_text_visible","",""
"C:\Users\juria.koga\Documents\Github\LLM-test-evaluation\reports\playwright-results\llama-3.3-70b-instruct\evaluation-results-llama-login_6\case-001\SecureBankLoginTest.playwright-result.json","llama-3.3-70b-instruct","evaluation-results-llama-login_6","case-001","ログイン","reports/playwright-plans/llama-3.3-70b-instruct/evaluation-results-llama-login_6/case-001/SecureBankLoginTest.playwright-plan.json","03/12/2026 01:52:28","http://localhost:8080","fail","3","1","2","0","32","32","30","2","0","browser_verify_text_visible","",""
"C:\Users\juria.koga\Documents\Github\LLM-test-evaluation\reports\playwright-results\llama-3.3-70b-instruct\evaluation-results-llama-login_7\case-001\SecureBankLoginTest.playwright-result.json","llama-3.3-70b-instruct","evaluation-results-llama-login_7","case-001","ログイン","reports/playwright-plans/llama-3.3-70b-instruct/evaluation-results-llama-login_7/case-001/SecureBankLoginTest.playwright-plan.json","03/12/2026 01:52:39","http://localhost:8080","fail","3","1","2","0","32","32","30","2","0","browser_verify_text_visible","",""
"C:\Users\juria.koga\Documents\Github\LLM-test-evaluation\reports\playwright-results\llama-3.3-70b-instruct\evaluation-results-llama-login_8\case-001\SecureBankLoginTest.playwright-result.json","llama-3.3-70b-instruct","evaluation-results-llama-login_8","case-001","ログイン","reports/playwright-plans/llama-3.3-70b-instruct/evaluation-results-llama-login_8/case-001/SecureBankLoginTest.playwright-plan.json","03/12/2026 01:52:49","http://localhost:8080","fail","3","1","2","0","32","32","30","2","0","browser_verify_text_visible","",""
"C:\Users\juria.koga\Documents\Github\LLM-test-evaluation\reports\playwright-results\llama-3.3-70b-instruct\evaluation-results-llama-login_9\case-001\SecureBankLoginTest.playwright-result.json","llama-3.3-70b-instruct","evaluation-results-llama-login_9","case-001","ログイン","reports/playwright-plans/llama-3.3-70b-instruct/evaluation-results-llama-login_9/case-001/SecureBankLoginTest.playwright-plan.json","03/12/2026 01:53:00","http://localhost:8080","fail","3","1","2","0","32","32","30","2","0","browser_verify_text_visible","",""
"C:\Users\juria.koga\Documents\Github\LLM-test-evaluation\reports\playwright-results\llama-3.3-70b-instruct\evaluation-results-llama-rbac_1\case-001\AuditLogTest.playwright-result.json","llama-3.3-70b-instruct","evaluation-results-llama-rbac_1","case-001","監査ログ","reports/playwright-plans/llama-3.3-70b-instruct/evaluation-results-llama-rbac_1/case-001/AuditLogTest.playwright-plan.json","03/12/2026 01:53:42","http://localhost:8080","fail","3","0","3","0","24","23","20","3","1","browser_click | browser_evaluate","",""
"C:\Users\juria.koga\Documents\Github\LLM-test-evaluation\reports\playwright-results\llama-3.3-70b-instruct\evaluation-results-llama-rbac_10\case-001\AuditLogTest.playwright-result.json","llama-3.3-70b-instruct","evaluation-results-llama-rbac_10","case-001","監査ログ","reports/playwright-plans/llama-3.3-70b-instruct/evaluation-results-llama-rbac_10/case-001/AuditLogTest.playwright-plan.json","03/12/2026 01:53:10","http://localhost:8080","fail","3","0","3","0","24","23","20","3","1","browser_click | browser_evaluate","",""
"C:\Users\juria.koga\Documents\Github\LLM-test-evaluation\reports\playwright-results\llama-3.3-70b-instruct\evaluation-results-llama-rbac_2\case-001\AuditLogTest.playwright-result.json","llama-3.3-70b-instruct","evaluation-results-llama-rbac_2","case-001","監査ログ","reports/playwright-plans/llama-3.3-70b-instruct/evaluation-results-llama-rbac_2/case-001/AuditLogTest.playwright-plan.json","03/12/2026 01:54:14","http://localhost:8080","fail","3","0","3","0","24","23","20","3","1","browser_click | browser_evaluate","",""
"C:\Users\juria.koga\Documents\Github\LLM-test-evaluation\reports\playwright-results\llama-3.3-70b-instruct\evaluation-results-llama-rbac_3\case-001\AuditLogTest.playwright-result.json","llama-3.3-70b-instruct","evaluation-results-llama-rbac_3","case-001","監査ログ","reports/playwright-plans/llama-3.3-70b-instruct/evaluation-results-llama-rbac_3/case-001/AuditLogTest.playwright-plan.json","03/12/2026 01:54:47","http://localhost:8080","fail","3","0","3","0","24","23","20","3","1","browser_click | browser_evaluate","",""
"C:\Users\juria.koga\Documents\Github\LLM-test-evaluation\reports\playwright-results\llama-3.3-70b-instruct\evaluation-results-llama-rbac_4\case-001\AuditLogTest.playwright-result.json","llama-3.3-70b-instruct","evaluation-results-llama-rbac_4","case-001","監査ログ","reports/playwright-plans/llama-3.3-70b-instruct/evaluation-results-llama-rbac_4/case-001/AuditLogTest.playwright-plan.json","03/12/2026 01:55:19","http://localhost:8080","fail","3","0","3","0","24","23","20","3","1","browser_click | browser_evaluate","",""
"C:\Users\juria.koga\Documents\Github\LLM-test-evaluation\reports\playwright-results\llama-3.3-70b-instruct\evaluation-results-llama-rbac_5\case-001\AuditLogTest.playwright-result.json","llama-3.3-70b-instruct","evaluation-results-llama-rbac_5","case-001","監査ログ","reports/playwright-plans/llama-3.3-70b-instruct/evaluation-results-llama-rbac_5/case-001/AuditLogTest.playwright-plan.json","03/12/2026 01:55:51","http://localhost:8080","fail","3","0","3","0","24","23","20","3","1","browser_click | browser_evaluate","",""
"C:\Users\juria.koga\Documents\Github\LLM-test-evaluation\reports\playwright-results\llama-3.3-70b-instruct\evaluation-results-llama-rbac_6\case-001\AuditLogTest.playwright-result.json","llama-3.3-70b-instruct","evaluation-results-llama-rbac_6","case-001","監査ログ","reports/playwright-plans/llama-3.3-70b-instruct/evaluation-results-llama-rbac_6/case-001/AuditLogTest.playwright-plan.json","03/12/2026 01:56:23","http://localhost:8080","fail","3","0","3","0","24","23","20","3","1","browser_click | browser_evaluate","",""
"C:\Users\juria.koga\Documents\Github\LLM-test-evaluation\reports\playwright-results\llama-3.3-70b-instruct\evaluation-results-llama-rbac_7\case-001\AuditLogTest.playwright-result.json","llama-3.3-70b-instruct","evaluation-results-llama-rbac_7","case-001","監査ログ","reports/playwright-plans/llama-3.3-70b-instruct/evaluation-results-llama-rbac_7/case-001/AuditLogTest.playwright-plan.json","03/12/2026 01:56:56","http://localhost:8080","fail","3","0","3","0","24","23","20","3","1","browser_click | browser_evaluate","",""
"C:\Users\juria.koga\Documents\Github\LLM-test-evaluation\reports\playwright-results\llama-3.3-70b-instruct\evaluation-results-llama-rbac_8\case-001\AuditLogTest.playwright-result.json","llama-3.3-70b-instruct","evaluation-results-llama-rbac_8","case-001","監査ログ","reports/playwright-plans/llama-3.3-70b-instruct/evaluation-results-llama-rbac_8/case-001/AuditLogTest.playwright-plan.json","03/12/2026 01:57:28","http://localhost:8080","fail","3","0","3","0","24","23","20","3","1","browser_click | browser_evaluate","",""
"C:\Users\juria.koga\Documents\Github\LLM-test-evaluation\reports\playwright-results\llama-3.3-70b-instruct\evaluation-results-llama-rbac_9\case-001\AuditLogTest.playwright-result.json","llama-3.3-70b-instruct","evaluation-results-llama-rbac_9","case-001","監査ログ","reports/playwright-plans/llama-3.3-70b-instruct/evaluation-results-llama-rbac_9/case-001/AuditLogTest.playwright-plan.json","03/12/2026 01:58:00","http://localhost:8080","fail","3","0","3","0","24","23","20","3","1","browser_click | browser_evaluate","",""
"C:\Users\juria.koga\Documents\Github\LLM-test-evaluation\reports\playwright-results\llama-3.3-70b-instruct\evaluation-results-llama-transfer_1\case-001\TransferTest.playwright-result.json","llama-3.3-70b-instruct","evaluation-results-llama-transfer_1","case-001","振込","reports/playwright-plans/llama-3.3-70b-instruct/evaluation-results-llama-transfer_1/case-001/TransferTest.playwright-plan.json","03/12/2026 02:00:03","http://localhost:8080","fail","3","0","3","0","45","24","21","3","21","browser_click","",""
"C:\Users\juria.koga\Documents\Github\LLM-test-evaluation\reports\playwright-results\llama-3.3-70b-instruct\evaluation-results-llama-transfer_10\case-001\TransferTest.playwright-result.json","llama-3.3-70b-instruct","evaluation-results-llama-transfer_10","case-001","振込","reports/playwright-plans/llama-3.3-70b-instruct/evaluation-results-llama-transfer_10/case-001/TransferTest.playwright-plan.json","03/12/2026 01:58:32","http://localhost:8080","fail","3","0","3","0","45","24","21","3","21","browser_click","",""
"C:\Users\juria.koga\Documents\Github\LLM-test-evaluation\reports\playwright-results\llama-3.3-70b-instruct\evaluation-results-llama-transfer_2\case-001\TransferTest.playwright-result.json","llama-3.3-70b-instruct","evaluation-results-llama-transfer_2","case-001","振込","reports/playwright-plans/llama-3.3-70b-instruct/evaluation-results-llama-transfer_2/case-001/TransferTest.playwright-plan.json","03/12/2026 02:01:33","http://localhost:8080","fail","3","0","3","0","45","24","21","3","21","browser_click","",""
"C:\Users\juria.koga\Documents\Github\LLM-test-evaluation\reports\playwright-results\llama-3.3-70b-instruct\evaluation-results-llama-transfer_3\case-001\TransferTest.playwright-result.json","llama-3.3-70b-instruct","evaluation-results-llama-transfer_3","case-001","振込","reports/playwright-plans/llama-3.3-70b-instruct/evaluation-results-llama-transfer_3/case-001/TransferTest.playwright-plan.json","03/12/2026 02:03:03","http://localhost:8080","fail","3","0","3","0","45","24","21","3","21","browser_click","",""
"C:\Users\juria.koga\Documents\Github\LLM-test-evaluation\reports\playwright-results\llama-3.3-70b-instruct\evaluation-results-llama-transfer_4\case-001\TransferTest.playwright-result.json","llama-3.3-70b-instruct","evaluation-results-llama-transfer_4","case-001","振込","reports/playwright-plans/llama-3.3-70b-instruct/evaluation-results-llama-transfer_4/case-001/TransferTest.playwright-plan.json","03/12/2026 02:04:33","http://localhost:8080","fail","3","0","3","0","45","24","21","3","21","browser_click","",""
"C:\Users\juria.koga\Documents\Github\LLM-test-evaluation\reports\playwright-results\llama-3.3-70b-instruct\evaluation-results-llama-transfer_5\case-001\TransferTest.playwright-result.json","llama-3.3-70b-instruct","evaluation-results-llama-transfer_5","case-001","振込","reports/playwright-plans/llama-3.3-70b-instruct/evaluation-results-llama-transfer_5/case-001/TransferTest.playwright-plan.json","03/12/2026 02:06:04","http://localhost:8080","fail","3","0","3","0","45","24","21","3","21","browser_click","",""
"C:\Users\juria.koga\Documents\Github\LLM-test-evaluation\reports\playwright-results\llama-3.3-70b-instruct\evaluation-results-llama-transfer_6\case-001\TransferTest.playwright-result.json","llama-3.3-70b-instruct","evaluation-results-llama-transfer_6","case-001","振込","reports/playwright-plans/llama-3.3-70b-instruct/evaluation-results-llama-transfer_6/case-001/TransferTest.playwright-plan.json","03/12/2026 02:07:34","http://localhost:8080","fail","3","0","3","0","45","24","21","3","21","browser_click","",""
"C:\Users\juria.koga\Documents\Github\LLM-test-evaluation\reports\playwright-results\llama-3.3-70b-instruct\evaluation-results-llama-transfer_7\case-001\TransferTest.playwright-result.json","llama-3.3-70b-instruct","evaluation-results-llama-transfer_7","case-001","振込","reports/playwright-plans/llama-3.3-70b-instruct/evaluation-results-llama-transfer_7/case-001/TransferTest.playwright-plan.json","03/12/2026 02:09:04","http://localhost:8080","fail","3","0","3","0","45","24","21","3","21","browser_click","",""
"C:\Users\juria.koga\Documents\Github\LLM-test-evaluation\reports\playwright-results\llama-3.3-70b-instruct\evaluation-results-llama-transfer_8\case-001\TransferTest.playwright-result.json","llama-3.3-70b-instruct","evaluation-results-llama-transfer_8","case-001","振込","reports/playwright-plans/llama-3.3-70b-instruct/evaluation-results-llama-transfer_8/case-001/TransferTest.playwright-plan.json","03/12/2026 02:11:16","http://localhost:8080","fail","3","0","3","0","45","24","21","3","21","browser_click","",""
"C:\Users\juria.koga\Documents\Github\LLM-test-evaluation\reports\playwright-results\llama-3.3-70b-instruct\evaluation-results-llama-transfer_9\case-001\TransferTest.playwright-result.json","llama-3.3-70b-instruct","evaluation-results-llama-transfer_9","case-001","振込","reports/playwright-plans/llama-3.3-70b-instruct/evaluation-results-llama-transfer_9/case-001/TransferTest.playwright-plan.json","03/12/2026 02:12:47","http://localhost:8080","fail","3","0","3","0","45","24","21","3","21","browser_click","",""
"C:\Users\juria.koga\Documents\Github\LLM-test-evaluation\reports\playwright-results\mistral-small-3.1-24b-instruct\evaluation-results-mistral-login_1\case-001\SecureBankLoginTest.playwright-result.json","mistral-small-3.1-24b-instruct","evaluation-results-mistral-login_1","case-001","ログイン","reports/playwright-plans/mistral-small-3.1-24b-instruct/evaluation-results-mistral-login_1/case-001/SecureBankLoginTest.playwright-plan.json","03/12/2026 02:13:45","http://localhost:8080","pass","3","3","0","0","34","34","34","0","0","","",""
"C:\Users\juria.koga\Documents\Github\LLM-test-evaluation\reports\playwright-results\mistral-small-3.1-24b-instruct\evaluation-results-mistral-login_10\case-001\SecureBankLoginTest.playwright-result.json","mistral-small-3.1-24b-instruct","evaluation-results-mistral-login_10","case-001","ログイン","reports/playwright-plans/mistral-small-3.1-24b-instruct/evaluation-results-mistral-login_10/case-001/SecureBankLoginTest.playwright-plan.json","03/12/2026 02:13:35","http://localhost:8080","pass","3","3","0","0","34","34","34","0","0","","",""
"C:\Users\juria.koga\Documents\Github\LLM-test-evaluation\reports\playwright-results\mistral-small-3.1-24b-instruct\evaluation-results-mistral-login_2\case-001\SecureBankLoginTest.playwright-result.json","mistral-small-3.1-24b-instruct","evaluation-results-mistral-login_2","case-001","ログイン","reports/playwright-plans/mistral-small-3.1-24b-instruct/evaluation-results-mistral-login_2/case-001/SecureBankLoginTest.playwright-plan.json","03/12/2026 02:13:55","http://localhost:8080","pass","3","3","0","0","34","34","34","0","0","","",""
"C:\Users\juria.koga\Documents\Github\LLM-test-evaluation\reports\playwright-results\mistral-small-3.1-24b-instruct\evaluation-results-mistral-login_3\case-001\SecureBankLoginTest.playwright-result.json","mistral-small-3.1-24b-instruct","evaluation-results-mistral-login_3","case-001","ログイン","reports/playwright-plans/mistral-small-3.1-24b-instruct/evaluation-results-mistral-login_3/case-001/SecureBankLoginTest.playwright-plan.json","03/12/2026 02:14:06","http://localhost:8080","pass","3","3","0","0","34","34","34","0","0","","",""
"C:\Users\juria.koga\Documents\Github\LLM-test-evaluation\reports\playwright-results\mistral-small-3.1-24b-instruct\evaluation-results-mistral-login_4\case-001\SecureBankLoginTest.playwright-result.json","mistral-small-3.1-24b-instruct","evaluation-results-mistral-login_4","case-001","ログイン","reports/playwright-plans/mistral-small-3.1-24b-instruct/evaluation-results-mistral-login_4/case-001/SecureBankLoginTest.playwright-plan.json","03/12/2026 02:14:17","http://localhost:8080","pass","3","3","0","0","34","34","34","0","0","","",""
"C:\Users\juria.koga\Documents\Github\LLM-test-evaluation\reports\playwright-results\mistral-small-3.1-24b-instruct\evaluation-results-mistral-login_5\case-001\SecureBankLoginTest.playwright-result.json","mistral-small-3.1-24b-instruct","evaluation-results-mistral-login_5","case-001","ログイン","reports/playwright-plans/mistral-small-3.1-24b-instruct/evaluation-results-mistral-login_5/case-001/SecureBankLoginTest.playwright-plan.json","03/12/2026 02:14:27","http://localhost:8080","pass","3","3","0","0","34","34","34","0","0","","",""
"C:\Users\juria.koga\Documents\Github\LLM-test-evaluation\reports\playwright-results\mistral-small-3.1-24b-instruct\evaluation-results-mistral-login_6\case-001\SecureBankLoginTest.playwright-result.json","mistral-small-3.1-24b-instruct","evaluation-results-mistral-login_6","case-001","ログイン","reports/playwright-plans/mistral-small-3.1-24b-instruct/evaluation-results-mistral-login_6/case-001/SecureBankLoginTest.playwright-plan.json","03/12/2026 02:14:38","http://localhost:8080","pass","3","3","0","0","34","34","34","0","0","","",""
"C:\Users\juria.koga\Documents\Github\LLM-test-evaluation\reports\playwright-results\mistral-small-3.1-24b-instruct\evaluation-results-mistral-login_7\case-001\SecureBankLoginTest.playwright-result.json","mistral-small-3.1-24b-instruct","evaluation-results-mistral-login_7","case-001","ログイン","reports/playwright-plans/mistral-small-3.1-24b-instruct/evaluation-results-mistral-login_7/case-001/SecureBankLoginTest.playwright-plan.json","03/12/2026 02:14:48","http://localhost:8080","pass","3","3","0","0","34","34","34","0","0","","",""
"C:\Users\juria.koga\Documents\Github\LLM-test-evaluation\reports\playwright-results\mistral-small-3.1-24b-instruct\evaluation-results-mistral-login_8\case-001\SecureBankLoginTest.playwright-result.json","mistral-small-3.1-24b-instruct","evaluation-results-mistral-login_8","case-001","ログイン","reports/playwright-plans/mistral-small-3.1-24b-instruct/evaluation-results-mistral-login_8/case-001/SecureBankLoginTest.playwright-plan.json","03/12/2026 02:14:59","http://localhost:8080","pass","3","3","0","0","34","34","34","0","0","","",""
"C:\Users\juria.koga\Documents\Github\LLM-test-evaluation\reports\playwright-results\mistral-small-3.1-24b-instruct\evaluation-results-mistral-login_9\case-001\SecureBankLoginTest.playwright-result.json","mistral-small-3.1-24b-instruct","evaluation-results-mistral-login_9","case-001","ログイン","reports/playwright-plans/mistral-small-3.1-24b-instruct/evaluation-results-mistral-login_9/case-001/SecureBankLoginTest.playwright-plan.json","03/12/2026 02:15:09","http://localhost:8080","pass","3","3","0","0","34","34","34","0","0","","",""
"C:\Users\juria.koga\Documents\Github\LLM-test-evaluation\reports\playwright-results\qwen3-next-80b-a3b-instruct\evaluation-results-qwen-login_1\case-001\SecureBankLoginE2ETest.playwright-result.json","qwen3-next-80b-a3b-instruct","evaluation-results-qwen-login_1","case-001","ログイン","reports/playwright-plans/qwen3-next-80b-a3b-instruct/evaluation-results-qwen-login_1/case-001/SecureBankLoginE2ETest.playwright-plan.json","03/12/2026 02:15:13","http://localhost:8080","fail","3","0","3","0","43","19","16","3","24","/* unknown */ | browser_evaluate","",""
"C:\Users\juria.koga\Documents\Github\LLM-test-evaluation\reports\playwright-results\qwen3-next-80b-a3b-instruct\evaluation-results-qwen-login_10\case-001\SecureBankLoginE2ETest.playwright-result.json","qwen3-next-80b-a3b-instruct","evaluation-results-qwen-login_10","case-001","ログイン","reports/playwright-plans/qwen3-next-80b-a3b-instruct/evaluation-results-qwen-login_10/case-001/SecureBankLoginE2ETest.playwright-plan.json","03/12/2026 02:15:11","http://localhost:8080","fail","3","0","3","0","43","19","16","3","24","/* unknown */ | browser_evaluate","",""
"C:\Users\juria.koga\Documents\Github\LLM-test-evaluation\reports\playwright-results\qwen3-next-80b-a3b-instruct\evaluation-results-qwen-login_2\case-001\SecureBankLoginE2ETest.playwright-result.json","qwen3-next-80b-a3b-instruct","evaluation-results-qwen-login_2","case-001","ログイン","reports/playwright-plans/qwen3-next-80b-a3b-instruct/evaluation-results-qwen-login_2/case-001/SecureBankLoginE2ETest.playwright-plan.json","03/12/2026 02:15:15","http://localhost:8080","fail","3","0","3","0","43","19","16","3","24","/* unknown */ | browser_evaluate","",""
"C:\Users\juria.koga\Documents\Github\LLM-test-evaluation\reports\playwright-results\qwen3-next-80b-a3b-instruct\evaluation-results-qwen-login_3\case-001\SecureBankLoginE2ETest.playwright-result.json","qwen3-next-80b-a3b-instruct","evaluation-results-qwen-login_3","case-001","ログイン","reports/playwright-plans/qwen3-next-80b-a3b-instruct/evaluation-results-qwen-login_3/case-001/SecureBankLoginE2ETest.playwright-plan.json","03/12/2026 02:15:18","http://localhost:8080","fail","3","0","3","0","43","19","16","3","24","/* unknown */ | browser_evaluate","",""
"C:\Users\juria.koga\Documents\Github\LLM-test-evaluation\reports\playwright-results\qwen3-next-80b-a3b-instruct\evaluation-results-qwen-login_4\case-001\SecureBankLoginE2ETest.playwright-result.json","qwen3-next-80b-a3b-instruct","evaluation-results-qwen-login_4","case-001","ログイン","reports/playwright-plans/qwen3-next-80b-a3b-instruct/evaluation-results-qwen-login_4/case-001/SecureBankLoginE2ETest.playwright-plan.json","03/12/2026 02:15:21","http://localhost:8080","fail","3","0","3","0","43","19","16","3","24","/* unknown */ | browser_evaluate","",""
"C:\Users\juria.koga\Documents\Github\LLM-test-evaluation\reports\playwright-results\qwen3-next-80b-a3b-instruct\evaluation-results-qwen-login_5\case-001\SecureBankLoginE2ETest.playwright-result.json","qwen3-next-80b-a3b-instruct","evaluation-results-qwen-login_5","case-001","ログイン","reports/playwright-plans/qwen3-next-80b-a3b-instruct/evaluation-results-qwen-login_5/case-001/SecureBankLoginE2ETest.playwright-plan.json","03/12/2026 02:15:23","http://localhost:8080","fail","3","0","3","0","43","19","16","3","24","/* unknown */ | browser_evaluate","",""
"C:\Users\juria.koga\Documents\Github\LLM-test-evaluation\reports\playwright-results\qwen3-next-80b-a3b-instruct\evaluation-results-qwen-login_6\case-001\SecureBankLoginE2ETest.playwright-result.json","qwen3-next-80b-a3b-instruct","evaluation-results-qwen-login_6","case-001","ログイン","reports/playwright-plans/qwen3-next-80b-a3b-instruct/evaluation-results-qwen-login_6/case-001/SecureBankLoginE2ETest.playwright-plan.json","03/12/2026 02:15:25","http://localhost:8080","fail","3","0","3","0","43","19","16","3","24","/* unknown */ | browser_evaluate","",""
"C:\Users\juria.koga\Documents\Github\LLM-test-evaluation\reports\playwright-results\qwen3-next-80b-a3b-instruct\evaluation-results-qwen-login_7\case-001\SecureBankLoginE2ETest.playwright-result.json","qwen3-next-80b-a3b-instruct","evaluation-results-qwen-login_7","case-001","ログイン","reports/playwright-plans/qwen3-next-80b-a3b-instruct/evaluation-results-qwen-login_7/case-001/SecureBankLoginE2ETest.playwright-plan.json","03/12/2026 02:15:27","http://localhost:8080","fail","3","0","3","0","43","19","16","3","24","/* unknown */ | browser_evaluate","",""
"C:\Users\juria.koga\Documents\Github\LLM-test-evaluation\reports\playwright-results\qwen3-next-80b-a3b-instruct\evaluation-results-qwen-login_8\case-001\SecureBankLoginE2ETest.playwright-result.json","qwen3-next-80b-a3b-instruct","evaluation-results-qwen-login_8","case-001","ログイン","reports/playwright-plans/qwen3-next-80b-a3b-instruct/evaluation-results-qwen-login_8/case-001/SecureBankLoginE2ETest.playwright-plan.json","03/12/2026 02:15:29","http://localhost:8080","fail","3","0","3","0","43","19","16","3","24","/* unknown */ | browser_evaluate","",""
"C:\Users\juria.koga\Documents\Github\LLM-test-evaluation\reports\playwright-results\qwen3-next-80b-a3b-instruct\evaluation-results-qwen-login_9\case-001\SecureBankLoginE2ETest.playwright-result.json","qwen3-next-80b-a3b-instruct","evaluation-results-qwen-login_9","case-001","ログイン","reports/playwright-plans/qwen3-next-80b-a3b-instruct/evaluation-results-qwen-login_9/case-001/SecureBankLoginE2ETest.playwright-plan.json","03/12/2026 02:15:31","http://localhost:8080","fail","3","0","3","0","43","19","16","3","24","/* unknown */ | browser_evaluate","",""
"C:\Users\juria.koga\Documents\Github\LLM-test-evaluation\reports\playwright-results\qwen3-next-80b-a3b-instruct\evaluation-results-qwen-rbac_1\case-001\AuditLogRBACTest.playwright-result.json","qwen3-next-80b-a3b-instruct","evaluation-results-qwen-rbac_1","case-001","監査ログ","reports/playwright-plans/qwen3-next-80b-a3b-instruct/evaluation-results-qwen-rbac_1/case-001/AuditLogRBACTest.playwright-plan.json","03/12/2026 02:16:40","http://localhost:8080","fail","3","0","3","0","36","28","25","3","8","browser_click | browser_fill_form","#mfaScreen button[type='submit']",""
"C:\Users\juria.koga\Documents\Github\LLM-test-evaluation\reports\playwright-results\qwen3-next-80b-a3b-instruct\evaluation-results-qwen-rbac_10\case-001\AuditLogRBACTest.playwright-result.json","qwen3-next-80b-a3b-instruct","evaluation-results-qwen-rbac_10","case-001","監査ログ","reports/playwright-plans/qwen3-next-80b-a3b-instruct/evaluation-results-qwen-rbac_10/case-001/AuditLogRBACTest.playwright-plan.json","03/12/2026 02:15:34","http://localhost:8080","fail","3","0","3","0","36","28","25","3","8","browser_click | browser_fill_form","#mfaScreen button[type='submit']",""
"C:\Users\juria.koga\Documents\Github\LLM-test-evaluation\reports\playwright-results\qwen3-next-80b-a3b-instruct\evaluation-results-qwen-rbac_2\case-001\AuditLogRBACTest.playwright-result.json","qwen3-next-80b-a3b-instruct","evaluation-results-qwen-rbac_2","case-001","監査ログ","reports/playwright-plans/qwen3-next-80b-a3b-instruct/evaluation-results-qwen-rbac_2/case-001/AuditLogRBACTest.playwright-plan.json","03/12/2026 02:17:46","http://localhost:8080","fail","3","0","3","0","36","28","25","3","8","browser_click | browser_fill_form","#mfaScreen button[type='submit']",""
"C:\Users\juria.koga\Documents\Github\LLM-test-evaluation\reports\playwright-results\qwen3-next-80b-a3b-instruct\evaluation-results-qwen-rbac_3\case-001\AuditLogRBACTest.playwright-result.json","qwen3-next-80b-a3b-instruct","evaluation-results-qwen-rbac_3","case-001","監査ログ","reports/playwright-plans/qwen3-next-80b-a3b-instruct/evaluation-results-qwen-rbac_3/case-001/AuditLogRBACTest.playwright-plan.json","03/12/2026 02:18:52","http://localhost:8080","fail","3","0","3","0","36","28","25","3","8","browser_click | browser_fill_form","#mfaScreen button[type='submit']",""
"C:\Users\juria.koga\Documents\Github\LLM-test-evaluation\reports\playwright-results\qwen3-next-80b-a3b-instruct\evaluation-results-qwen-rbac_4\case-001\AuditLogRBACTest.playwright-result.json","qwen3-next-80b-a3b-instruct","evaluation-results-qwen-rbac_4","case-001","監査ログ","reports/playwright-plans/qwen3-next-80b-a3b-instruct/evaluation-results-qwen-rbac_4/case-001/AuditLogRBACTest.playwright-plan.json","03/12/2026 02:19:59","http://localhost:8080","fail","3","0","3","0","36","28","25","3","8","browser_click | browser_fill_form","#mfaScreen button[type='submit']",""
"C:\Users\juria.koga\Documents\Github\LLM-test-evaluation\reports\playwright-results\qwen3-next-80b-a3b-instruct\evaluation-results-qwen-rbac_5\case-001\AuditLogRBACTest.playwright-result.json","qwen3-next-80b-a3b-instruct","evaluation-results-qwen-rbac_5","case-001","監査ログ","reports/playwright-plans/qwen3-next-80b-a3b-instruct/evaluation-results-qwen-rbac_5/case-001/AuditLogRBACTest.playwright-plan.json","03/12/2026 02:21:05","http://localhost:8080","fail","3","0","3","0","36","28","25","3","8","browser_click | browser_fill_form","#mfaScreen button[type='submit']",""
"C:\Users\juria.koga\Documents\Github\LLM-test-evaluation\reports\playwright-results\qwen3-next-80b-a3b-instruct\evaluation-results-qwen-rbac_6\case-001\AuditLogRBACTest.playwright-result.json","qwen3-next-80b-a3b-instruct","evaluation-results-qwen-rbac_6","case-001","監査ログ","reports/playwright-plans/qwen3-next-80b-a3b-instruct/evaluation-results-qwen-rbac_6/case-001/AuditLogRBACTest.playwright-plan.json","03/12/2026 02:22:11","http://localhost:8080","fail","3","0","3","0","36","28","25","3","8","browser_click | browser_fill_form","#mfaScreen button[type='submit']",""
"C:\Users\juria.koga\Documents\Github\LLM-test-evaluation\reports\playwright-results\qwen3-next-80b-a3b-instruct\evaluation-results-qwen-rbac_7\case-001\AuditLogRBACTest.playwright-result.json","qwen3-next-80b-a3b-instruct","evaluation-results-qwen-rbac_7","case-001","監査ログ","reports/playwright-plans/qwen3-next-80b-a3b-instruct/evaluation-results-qwen-rbac_7/case-001/AuditLogRBACTest.playwright-plan.json","03/12/2026 02:23:18","http://localhost:8080","fail","3","0","3","0","36","28","25","3","8","browser_click | browser_fill_form","#mfaScreen button[type='submit']",""
"C:\Users\juria.koga\Documents\Github\LLM-test-evaluation\reports\playwright-results\qwen3-next-80b-a3b-instruct\evaluation-results-qwen-rbac_8\case-001\AuditLogRBACTest.playwright-result.json","qwen3-next-80b-a3b-instruct","evaluation-results-qwen-rbac_8","case-001","監査ログ","reports/playwright-plans/qwen3-next-80b-a3b-instruct/evaluation-results-qwen-rbac_8/case-001/AuditLogRBACTest.playwright-plan.json","03/12/2026 02:24:24","http://localhost:8080","fail","3","0","3","0","36","28","25","3","8","browser_click | browser_fill_form","#mfaScreen button[type='submit']",""
"C:\Users\juria.koga\Documents\Github\LLM-test-evaluation\reports\playwright-results\qwen3-next-80b-a3b-instruct\evaluation-results-qwen-rbac_9\case-001\AuditLogRBACTest.playwright-result.json","qwen3-next-80b-a3b-instruct","evaluation-results-qwen-rbac_9","case-001","監査ログ","reports/playwright-plans/qwen3-next-80b-a3b-instruct/evaluation-results-qwen-rbac_9/case-001/AuditLogRBACTest.playwright-plan.json","03/12/2026 02:25:30","http://localhost:8080","fail","3","0","3","0","36","28","25","3","8","browser_click | browser_fill_form","#mfaScreen button[type='submit']",""
"C:\Users\juria.koga\Documents\Github\LLM-test-evaluation\reports\playwright-results\qwen3-next-80b-a3b-instruct\evaluation-results-qwen-transfer_1\case-001\TransferE2ETest.playwright-result.json","qwen3-next-80b-a3b-instruct","evaluation-results-qwen-transfer_1","case-001","振込","reports/playwright-plans/qwen3-next-80b-a3b-instruct/evaluation-results-qwen-transfer_1/case-001/TransferE2ETest.playwright-plan.json","03/12/2026 02:28:19","http://localhost:8080","fail","3","0","3","0","66","42","39","3","24","browser_click","",""
"C:\Users\juria.koga\Documents\Github\LLM-test-evaluation\reports\playwright-results\qwen3-next-80b-a3b-instruct\evaluation-results-qwen-transfer_10\case-001\TransferE2ETest.playwright-result.json","qwen3-next-80b-a3b-instruct","evaluation-results-qwen-transfer_10","case-001","振込","reports/playwright-plans/qwen3-next-80b-a3b-instruct/evaluation-results-qwen-transfer_10/case-001/TransferE2ETest.playwright-plan.json","03/12/2026 02:26:36","http://localhost:8080","fail","3","0","3","0","66","42","39","3","24","browser_click","",""
"C:\Users\juria.koga\Documents\Github\LLM-test-evaluation\reports\playwright-results\qwen3-next-80b-a3b-instruct\evaluation-results-qwen-transfer_2\case-001\TransferE2ETest.playwright-result.json","qwen3-next-80b-a3b-instruct","evaluation-results-qwen-transfer_2","case-001","振込","reports/playwright-plans/qwen3-next-80b-a3b-instruct/evaluation-results-qwen-transfer_2/case-001/TransferE2ETest.playwright-plan.json","03/12/2026 02:30:01","http://localhost:8080","fail","3","0","3","0","66","42","39","3","24","browser_click","",""
"C:\Users\juria.koga\Documents\Github\LLM-test-evaluation\reports\playwright-results\qwen3-next-80b-a3b-instruct\evaluation-results-qwen-transfer_3\case-001\TransferE2ETest.playwright-result.json","qwen3-next-80b-a3b-instruct","evaluation-results-qwen-transfer_3","case-001","振込","reports/playwright-plans/qwen3-next-80b-a3b-instruct/evaluation-results-qwen-transfer_3/case-001/TransferE2ETest.playwright-plan.json","03/12/2026 02:31:44","http://localhost:8080","fail","3","0","3","0","66","42","39","3","24","browser_click","",""
"C:\Users\juria.koga\Documents\Github\LLM-test-evaluation\reports\playwright-results\qwen3-next-80b-a3b-instruct\evaluation-results-qwen-transfer_4\case-001\TransferE2ETest.playwright-result.json","qwen3-next-80b-a3b-instruct","evaluation-results-qwen-transfer_4","case-001","振込","reports/playwright-plans/qwen3-next-80b-a3b-instruct/evaluation-results-qwen-transfer_4/case-001/TransferE2ETest.playwright-plan.json","03/12/2026 02:33:26","http://localhost:8080","fail","3","0","3","0","66","42","39","3","24","browser_click","",""
"C:\Users\juria.koga\Documents\Github\LLM-test-evaluation\reports\playwright-results\qwen3-next-80b-a3b-instruct\evaluation-results-qwen-transfer_5\case-001\TransferE2ETest.playwright-result.json","qwen3-next-80b-a3b-instruct","evaluation-results-qwen-transfer_5","case-001","振込","reports/playwright-plans/qwen3-next-80b-a3b-instruct/evaluation-results-qwen-transfer_5/case-001/TransferE2ETest.playwright-plan.json","03/12/2026 02:35:09","http://localhost:8080","fail","3","0","3","0","66","42","39","3","24","browser_click","",""
"C:\Users\juria.koga\Documents\Github\LLM-test-evaluation\reports\playwright-results\qwen3-next-80b-a3b-instruct\evaluation-results-qwen-transfer_6\case-001\TransferE2ETest.playwright-result.json","qwen3-next-80b-a3b-instruct","evaluation-results-qwen-transfer_6","case-001","振込","reports/playwright-plans/qwen3-next-80b-a3b-instruct/evaluation-results-qwen-transfer_6/case-001/TransferE2ETest.playwright-plan.json","03/12/2026 02:36:51","http://localhost:8080","fail","3","0","3","0","66","42","39","3","24","browser_click","",""
"C:\Users\juria.koga\Documents\Github\LLM-test-evaluation\reports\playwright-results\qwen3-next-80b-a3b-instruct\evaluation-results-qwen-transfer_7\case-001\TransferE2ETest.playwright-result.json","qwen3-next-80b-a3b-instruct","evaluation-results-qwen-transfer_7","case-001","振込","reports/playwright-plans/qwen3-next-80b-a3b-instruct/evaluation-results-qwen-transfer_7/case-001/TransferE2ETest.playwright-plan.json","03/12/2026 02:38:34","http://localhost:8080","fail","3","0","3","0","66","42","39","3","24","browser_click","",""
"C:\Users\juria.koga\Documents\Github\LLM-test-evaluation\reports\playwright-results\qwen3-next-80b-a3b-instruct\evaluation-results-qwen-transfer_8\case-001\TransferE2ETest.playwright-result.json","qwen3-next-80b-a3b-instruct","evaluation-results-qwen-transfer_8","case-001","振込","reports/playwright-plans/qwen3-next-80b-a3b-instruct/evaluation-results-qwen-transfer_8/case-001/TransferE2ETest.playwright-plan.json","03/12/2026 02:40:16","http://localhost:8080","fail","3","0","3","0","66","42","39","3","24","browser_click","",""
"C:\Users\juria.koga\Documents\Github\LLM-test-evaluation\reports\playwright-results\qwen3-next-80b-a3b-instruct\evaluation-results-qwen-transfer_9\case-001\TransferE2ETest.playwright-result.json","qwen3-next-80b-a3b-instruct","evaluation-results-qwen-transfer_9","case-001","振込","reports/playwright-plans/qwen3-next-80b-a3b-instruct/evaluation-results-qwen-transfer_9/case-001/TransferE2ETest.playwright-plan.json","03/12/2026 02:41:59","http://localhost:8080","fail","3","0","3","0","66","42","39","3","24","browser_click","",""
"C:\Users\juria.koga\Documents\Github\LLM-test-evaluation\reports\playwright-results\trinity-large-preview\evaluation-results-trinity-login_1\case-001\ExtractedTest01.playwright-result.json","trinity-large-preview","evaluation-results-trinity-login_1","case-001","ログイン","reports/playwright-plans/trinity-large-preview/evaluation-results-trinity-login_1/case-001/ExtractedTest01.playwright-plan.json","03/12/2026 02:43:54","http://localhost:8080","fail","3","0","3","0","54","40","37","3","14","browser_evaluate","",""
"C:\Users\juria.koga\Documents\Github\LLM-test-evaluation\reports\playwright-results\trinity-large-preview\evaluation-results-trinity-login_10\case-001\ExtractedTest01.playwright-result.json","trinity-large-preview","evaluation-results-trinity-login_10","case-001","ログイン","reports/playwright-plans/trinity-large-preview/evaluation-results-trinity-login_10/case-001/ExtractedTest01.playwright-plan.json","03/12/2026 02:43:41","http://localhost:8080","fail","3","0","3","0","54","40","37","3","14","browser_evaluate","",""
"C:\Users\juria.koga\Documents\Github\LLM-test-evaluation\reports\playwright-results\trinity-large-preview\evaluation-results-trinity-login_2\case-001\ExtractedTest01.playwright-result.json","trinity-large-preview","evaluation-results-trinity-login_2","case-001","ログイン","reports/playwright-plans/trinity-large-preview/evaluation-results-trinity-login_2/case-001/ExtractedTest01.playwright-plan.json","03/12/2026 02:44:06","http://localhost:8080","fail","3","0","3","0","54","40","37","3","14","browser_evaluate","",""
"C:\Users\juria.koga\Documents\Github\LLM-test-evaluation\reports\playwright-results\trinity-large-preview\evaluation-results-trinity-login_3\case-001\ExtractedTest01.playwright-result.json","trinity-large-preview","evaluation-results-trinity-login_3","case-001","ログイン","reports/playwright-plans/trinity-large-preview/evaluation-results-trinity-login_3/case-001/ExtractedTest01.playwright-plan.json","03/12/2026 02:44:18","http://localhost:8080","fail","3","0","3","0","54","40","37","3","14","browser_evaluate","",""
"C:\Users\juria.koga\Documents\Github\LLM-test-evaluation\reports\playwright-results\trinity-large-preview\evaluation-results-trinity-login_4\case-001\ExtractedTest01.playwright-result.json","trinity-large-preview","evaluation-results-trinity-login_4","case-001","ログイン","reports/playwright-plans/trinity-large-preview/evaluation-results-trinity-login_4/case-001/ExtractedTest01.playwright-plan.json","03/12/2026 02:44:31","http://localhost:8080","fail","3","0","3","0","54","40","37","3","14","browser_evaluate","",""
"C:\Users\juria.koga\Documents\Github\LLM-test-evaluation\reports\playwright-results\trinity-large-preview\evaluation-results-trinity-login_5\case-001\ExtractedTest01.playwright-result.json","trinity-large-preview","evaluation-results-trinity-login_5","case-001","ログイン","reports/playwright-plans/trinity-large-preview/evaluation-results-trinity-login_5/case-001/ExtractedTest01.playwright-plan.json","03/12/2026 02:44:43","http://localhost:8080","fail","3","0","3","0","54","40","37","3","14","browser_evaluate","",""
"C:\Users\juria.koga\Documents\Github\LLM-test-evaluation\reports\playwright-results\trinity-large-preview\evaluation-results-trinity-login_6\case-001\ExtractedTest01.playwright-result.json","trinity-large-preview","evaluation-results-trinity-login_6","case-001","ログイン","reports/playwright-plans/trinity-large-preview/evaluation-results-trinity-login_6/case-001/ExtractedTest01.playwright-plan.json","03/12/2026 02:44:56","http://localhost:8080","fail","3","0","3","0","54","40","37","3","14","browser_evaluate","",""
"C:\Users\juria.koga\Documents\Github\LLM-test-evaluation\reports\playwright-results\trinity-large-preview\evaluation-results-trinity-login_7\case-001\ExtractedTest01.playwright-result.json","trinity-large-preview","evaluation-results-trinity-login_7","case-001","ログイン","reports/playwright-plans/trinity-large-preview/evaluation-results-trinity-login_7/case-001/ExtractedTest01.playwright-plan.json","03/12/2026 02:45:08","http://localhost:8080","fail","3","0","3","0","54","40","37","3","14","browser_evaluate","",""
"C:\Users\juria.koga\Documents\Github\LLM-test-evaluation\reports\playwright-results\trinity-large-preview\evaluation-results-trinity-login_8\case-001\ExtractedTest01.playwright-result.json","trinity-large-preview","evaluation-results-trinity-login_8","case-001","ログイン","reports/playwright-plans/trinity-large-preview/evaluation-results-trinity-login_8/case-001/ExtractedTest01.playwright-plan.json","03/12/2026 02:45:21","http://localhost:8080","fail","3","0","3","0","54","40","37","3","14","browser_evaluate","",""
"C:\Users\juria.koga\Documents\Github\LLM-test-evaluation\reports\playwright-results\trinity-large-preview\evaluation-results-trinity-login_9\case-001\ExtractedTest01.playwright-result.json","trinity-large-preview","evaluation-results-trinity-login_9","case-001","ログイン","reports/playwright-plans/trinity-large-preview/evaluation-results-trinity-login_9/case-001/ExtractedTest01.playwright-plan.json","03/12/2026 02:45:33","http://localhost:8080","fail","3","0","3","0","54","40","37","3","14","browser_evaluate","",""
"C:\Users\juria.koga\Documents\Github\LLM-test-evaluation\reports\playwright-results\trinity-large-preview\evaluation-results-trinity-rbac_1\case-001\ExtractedTest01.playwright-result.json","trinity-large-preview","evaluation-results-trinity-rbac_1","case-001","監査ログ","reports/playwright-plans/trinity-large-preview/evaluation-results-trinity-rbac_1/case-001/ExtractedTest01.playwright-plan.json","03/12/2026 02:46:02","http://localhost:8080","fail","3","0","3","0","35","33","30","3","2","browser_evaluate","",""
"C:\Users\juria.koga\Documents\Github\LLM-test-evaluation\reports\playwright-results\trinity-large-preview\evaluation-results-trinity-rbac_10\case-001\ExtractedTest01.playwright-result.json","trinity-large-preview","evaluation-results-trinity-rbac_10","case-001","監査ログ","reports/playwright-plans/trinity-large-preview/evaluation-results-trinity-rbac_10/case-001/ExtractedTest01.playwright-plan.json","03/12/2026 02:45:45","http://localhost:8080","fail","3","0","3","0","35","33","30","3","2","browser_evaluate","",""
"C:\Users\juria.koga\Documents\Github\LLM-test-evaluation\reports\playwright-results\trinity-large-preview\evaluation-results-trinity-rbac_2\case-001\ExtractedTest01.playwright-result.json","trinity-large-preview","evaluation-results-trinity-rbac_2","case-001","監査ログ","reports/playwright-plans/trinity-large-preview/evaluation-results-trinity-rbac_2/case-001/ExtractedTest01.playwright-plan.json","03/12/2026 02:46:18","http://localhost:8080","fail","3","0","3","0","35","33","30","3","2","browser_evaluate","",""
"C:\Users\juria.koga\Documents\Github\LLM-test-evaluation\reports\playwright-results\trinity-large-preview\evaluation-results-trinity-rbac_3\case-001\ExtractedTest01.playwright-result.json","trinity-large-preview","evaluation-results-trinity-rbac_3","case-001","監査ログ","reports/playwright-plans/trinity-large-preview/evaluation-results-trinity-rbac_3/case-001/ExtractedTest01.playwright-plan.json","03/12/2026 02:46:35","http://localhost:8080","fail","3","0","3","0","35","33","30","3","2","browser_evaluate","",""
"C:\Users\juria.koga\Documents\Github\LLM-test-evaluation\reports\playwright-results\trinity-large-preview\evaluation-results-trinity-rbac_4\case-001\ExtractedTest01.playwright-result.json","trinity-large-preview","evaluation-results-trinity-rbac_4","case-001","監査ログ","reports/playwright-plans/trinity-large-preview/evaluation-results-trinity-rbac_4/case-001/ExtractedTest01.playwright-plan.json","03/12/2026 02:46:51","http://localhost:8080","fail","3","0","3","0","35","33","30","3","2","browser_evaluate","",""
"C:\Users\juria.koga\Documents\Github\LLM-test-evaluation\reports\playwright-results\trinity-large-preview\evaluation-results-trinity-rbac_5\case-001\ExtractedTest01.playwright-result.json","trinity-large-preview","evaluation-results-trinity-rbac_5","case-001","監査ログ","reports/playwright-plans/trinity-large-preview/evaluation-results-trinity-rbac_5/case-001/ExtractedTest01.playwright-plan.json","03/12/2026 02:47:07","http://localhost:8080","fail","3","0","3","0","35","33","30","3","2","browser_evaluate","",""
"C:\Users\juria.koga\Documents\Github\LLM-test-evaluation\reports\playwright-results\trinity-large-preview\evaluation-results-trinity-rbac_6\case-001\ExtractedTest01.playwright-result.json","trinity-large-preview","evaluation-results-trinity-rbac_6","case-001","監査ログ","reports/playwright-plans/trinity-large-preview/evaluation-results-trinity-rbac_6/case-001/ExtractedTest01.playwright-plan.json","03/12/2026 02:47:24","http://localhost:8080","fail","3","0","3","0","35","33","30","3","2","browser_evaluate","",""
"C:\Users\juria.koga\Documents\Github\LLM-test-evaluation\reports\playwright-results\trinity-large-preview\evaluation-results-trinity-rbac_7\case-001\ExtractedTest01.playwright-result.json","trinity-large-preview","evaluation-results-trinity-rbac_7","case-001","監査ログ","reports/playwright-plans/trinity-large-preview/evaluation-results-trinity-rbac_7/case-001/ExtractedTest01.playwright-plan.json","03/12/2026 02:47:40","http://localhost:8080","fail","3","0","3","0","35","33","30","3","2","browser_evaluate","",""
"C:\Users\juria.koga\Documents\Github\LLM-test-evaluation\reports\playwright-results\trinity-large-preview\evaluation-results-trinity-rbac_8\case-001\ExtractedTest01.playwright-result.json","trinity-large-preview","evaluation-results-trinity-rbac_8","case-001","監査ログ","reports/playwright-plans/trinity-large-preview/evaluation-results-trinity-rbac_8/case-001/ExtractedTest01.playwright-plan.json","03/12/2026 02:47:56","http://localhost:8080","fail","3","0","3","0","35","33","30","3","2","browser_evaluate","",""
"C:\Users\juria.koga\Documents\Github\LLM-test-evaluation\reports\playwright-results\trinity-large-preview\evaluation-results-trinity-rbac_9\case-001\ExtractedTest01.playwright-result.json","trinity-large-preview","evaluation-results-trinity-rbac_9","case-001","監査ログ","reports/playwright-plans/trinity-large-preview/evaluation-results-trinity-rbac_9/case-001/ExtractedTest01.playwright-plan.json","03/12/2026 02:48:13","http://localhost:8080","fail","3","0","3","0","35","33","30","3","2","browser_evaluate","",""
"C:\Users\juria.koga\Documents\Github\LLM-test-evaluation\reports\playwright-results\trinity-large-preview\evaluation-results-trinity-transfer_1\case-001\ExtractedTest01.playwright-result.json","trinity-large-preview","evaluation-results-trinity-transfer_1","case-001","振込","reports/playwright-plans/trinity-large-preview/evaluation-results-trinity-transfer_1/case-001/ExtractedTest01.playwright-plan.json","03/12/2026 02:49:59","http://localhost:8080","fail","3","0","3","0","31","12","9","3","19","browser_fill_form","",""
"C:\Users\juria.koga\Documents\Github\LLM-test-evaluation\reports\playwright-results\trinity-large-preview\evaluation-results-trinity-transfer_10\case-001\ExtractedTest01.playwright-result.json","trinity-large-preview","evaluation-results-trinity-transfer_10","case-001","振込","reports/playwright-plans/trinity-large-preview/evaluation-results-trinity-transfer_10/case-001/ExtractedTest01.playwright-plan.json","03/12/2026 02:48:29","http://localhost:8080","fail","3","0","3","0","31","12","9","3","19","browser_fill_form","",""
"C:\Users\juria.koga\Documents\Github\LLM-test-evaluation\reports\playwright-results\trinity-large-preview\evaluation-results-trinity-transfer_2\case-001\ExtractedTest01.playwright-result.json","trinity-large-preview","evaluation-results-trinity-transfer_2","case-001","振込","reports/playwright-plans/trinity-large-preview/evaluation-results-trinity-transfer_2/case-001/ExtractedTest01.playwright-plan.json","03/12/2026 02:51:29","http://localhost:8080","fail","3","0","3","0","31","12","9","3","19","browser_fill_form","",""
"C:\Users\juria.koga\Documents\Github\LLM-test-evaluation\reports\playwright-results\trinity-large-preview\evaluation-results-trinity-transfer_3\case-001\ExtractedTest01.playwright-result.json","trinity-large-preview","evaluation-results-trinity-transfer_3","case-001","振込","reports/playwright-plans/trinity-large-preview/evaluation-results-trinity-transfer_3/case-001/ExtractedTest01.playwright-plan.json","03/12/2026 02:52:59","http://localhost:8080","fail","3","0","3","0","31","12","9","3","19","browser_fill_form","",""
"C:\Users\juria.koga\Documents\Github\LLM-test-evaluation\reports\playwright-results\trinity-large-preview\evaluation-results-trinity-transfer_4\case-001\ExtractedTest01.playwright-result.json","trinity-large-preview","evaluation-results-trinity-transfer_4","case-001","振込","reports/playwright-plans/trinity-large-preview/evaluation-results-trinity-transfer_4/case-001/ExtractedTest01.playwright-plan.json","03/12/2026 02:54:30","http://localhost:8080","fail","3","0","3","0","31","12","9","3","19","browser_fill_form","",""
"C:\Users\juria.koga\Documents\Github\LLM-test-evaluation\reports\playwright-results\trinity-large-preview\evaluation-results-trinity-transfer_5\case-001\ExtractedTest01.playwright-result.json","trinity-large-preview","evaluation-results-trinity-transfer_5","case-001","振込","reports/playwright-plans/trinity-large-preview/evaluation-results-trinity-transfer_5/case-001/ExtractedTest01.playwright-plan.json","03/12/2026 02:56:00","http://localhost:8080","fail","3","0","3","0","31","12","9","3","19","browser_fill_form","",""
"C:\Users\juria.koga\Documents\Github\LLM-test-evaluation\reports\playwright-results\trinity-large-preview\evaluation-results-trinity-transfer_6\case-001\ExtractedTest01.playwright-result.json","trinity-large-preview","evaluation-results-trinity-transfer_6","case-001","振込","reports/playwright-plans/trinity-large-preview/evaluation-results-trinity-transfer_6/case-001/ExtractedTest01.playwright-plan.json","03/12/2026 02:57:30","http://localhost:8080","fail","3","0","3","0","31","12","9","3","19","browser_fill_form","",""
"C:\Users\juria.koga\Documents\Github\LLM-test-evaluation\reports\playwright-results\trinity-large-preview\evaluation-results-trinity-transfer_7\case-001\ExtractedTest01.playwright-result.json","trinity-large-preview","evaluation-results-trinity-transfer_7","case-001","振込","reports/playwright-plans/trinity-large-preview/evaluation-results-trinity-transfer_7/case-001/ExtractedTest01.playwright-plan.json","03/12/2026 02:59:00","http://localhost:8080","fail","3","0","3","0","31","12","9","3","19","browser_fill_form","",""
"C:\Users\juria.koga\Documents\Github\LLM-test-evaluation\reports\playwright-results\trinity-large-preview\evaluation-results-trinity-transfer_8\case-001\ExtractedTest01.playwright-result.json","trinity-large-preview","evaluation-results-trinity-transfer_8","case-001","振込","reports/playwright-plans/trinity-large-preview/evaluation-results-trinity-transfer_8/case-001/ExtractedTest01.playwright-plan.json","03/12/2026 03:00:30","http://localhost:8080","fail","3","0","3","0","31","12","9","3","19","browser_fill_form","",""
"C:\Users\juria.koga\Documents\Github\LLM-test-evaluation\reports\playwright-results\trinity-large-preview\evaluation-results-trinity-transfer_9\case-001\ExtractedTest01.playwright-result.json","trinity-large-preview","evaluation-results-trinity-transfer_9","case-001","振込","reports/playwright-plans/trinity-large-preview/evaluation-results-trinity-transfer_9/case-001/ExtractedTest01.playwright-plan.json","03/12/2026 03:02:00","http://localhost:8080","fail","3","0","3","0","31","12","9","3","19","browser_fill_form","",""
